ID,p_smooth,p_features,p_irregular,p_point_source,p_unclassifiable
macs1206_f435w_1322,0.714285714,0.142857143,0,0,0.142857143
rxj1347_f435w_585,0,0,1,0,0
clj1226_f275w_1749,0,0,0,0,1
rxj2248_f275w_781,0,0.571428571,0.285714286,0,0.142857143
a2261_f336w_1331,0,0,0,0,1
macs1149_f435w_1950,0,0.125,0.75,0,0.125
rxj2248_f105w_500,0.142857143,0.857142857,0,0,0
macs0429_f390w_1274,0.571428571,0.142857143,0.285714286,0,0
a2261_f390w_52,0,0.166666667,0.833333333,0,0
ms2137_f160w_225,0.571428571,0.428571429,0,0,0
rxj2129_f160w_173,0.25,0.5,0.25,0,0
macs1720_f625w_474,0,0,0,0,1
rxj1347_f775w_2009,0.875,0,0,0.125,0
rxj1347_f850lp_743,1,0,0,0,0
macs1720_f225w_665,0,0,0,0,1
rxj1347_f475w_1503,0,0.375,0.625,0,0
macs2129_f105w_656,0.166666667,0.333333333,0.5,0,0
macs1311_f275w_697,0,0,0,0,1
macs1720_f625w_188,0,0.714285714,0.285714286,0,0
rxj2248_f125w_1058,0,0,0.857142857,0,0.142857143
macs1720_f850lp_1313,0.833333333,0,0,0.166666667,0
a209_f814w_1530,0.5,0,0,0.5,0
macs0744_f110w_2398,0.857142857,0.142857143,0,0,0
macs0329_f140w_1238,1,0,0,0,0
macs1423_f606w_1012,0,0.25,0.75,0,0
macs1720_f110w_432,0.857142857,0.142857143,0,0,0
macs1720_f110w_433,1,0,0,0,0
macs1720_f275w_2069,0.142857143,0.142857143,0.571428571,0,0.142857143
macs0429_f225w_1049,0,0.142857143,0.285714286,0,0.571428571
a611_f160w_566,0,0.333333333,0.666666667,0,0
macs1720_f850lp_1083,0.833333333,0,0.166666667,0,0
rxj2248_f775w_866,0,0.25,0.75,0,0
rxj1347_f775w_743,1,0,0,0,0
macs1931_f390w_1243,0.142857143,0.285714286,0.571428571,0,0
macs2129_f435w_656,0,0,0.142857143,0,0.857142857
a2261_f140w_1383,0,0,0,1,0
a383_f475w_675,0.75,0,0,0.25,0
a383_f606w_2062,1,0,0,0,0
macs0429_f850lp_961,0.571428571,0,0.428571429,0,0
a1423_f390w_287,0.333333333,0,0.5,0,0.166666667
macs2129_f390w_1368,0,0,0.166666667,0,0.833333333
macs1931_f125w_1243,0.4,0.6,0,0,0
clj1226_f390w_1341,0,0.166666667,0.166666667,0,0.666666667
a383_f475w_1465,0,0.4,0.6,0,0
a611_f160w_1420,0,1,0,0,0
macs1206_f140w_2027,0.857142857,0.142857143,0,0,0
macs1115_f814w_908,1,0,0,0,0
rxj2248_f475w_1132,1,0,0,0,0
a209_f775w_944,0.875,0.125,0,0,0
macs0744_f275w_2398,0.375,0.5,0.125,0,0
macs0717_f275w_229,0,0,0.142857143,0,0.857142857
macs1149_f160w_975,0.625,0.125,0.25,0,0
a383_f625w_675,0.666666667,0,0,0.333333333,0
macs0329_f275w_222,0.166666667,0.166666667,0.333333333,0,0.333333333
macs0744_f105w_2085,0.571428571,0,0.428571429,0,0
macs2129_f814w_656,0,0.25,0.75,0,0
macs2129_f110w_656,0.333333333,0.166666667,0.5,0,0
rxj2129_f125w_1133,0.875,0,0,0.125,0
macs1311_f225w_1463,0,0,0.142857143,0,0.857142857
macs2129_f390w_672,0.285714286,0,0.714285714,0,0
macs0717_f475w_930,0.833333333,0,0,0.166666667,0
macs0717_f606w_1488,0,1,0,0,0
macs1931_f435w_1669,1,0,0,0,0
a383_f140w_1465,0.3,0.7,0,0,0
a383_f105w_675,0,0,0,1,0
macs0717_f125w_394,0.857142857,0,0,0.142857143,0
clj1226_f475w_1542,0,0,1,0,0
rxj1532_f140w_499,0.5,0.5,0,0,0
macs0429_f160w_131,0.285714286,0.571428571,0.142857143,0,0
rxj2129_f390w_79,0,0,1,0,0
rxj2248_f814w_261,0.375,0.5,0.125,0,0
macs0717_f775w_930,0.333333333,0,0,0.666666667,0
macs1423_f125w_1494,0.857142857,0,0,0.142857143,0
macs0647_f275w_1340,0.875,0,0.125,0,0
macs0416_f110w_1747,0.75,0.25,0,0,0
macs0744_f390w_1216,0.571428571,0,0.285714286,0.142857143,0
rxj2129_f125w_962,1,0,0,0,0
macs2129_f606w_656,0,0,1,0,0
macs2129_f105w_1824,1,0,0,0,0
a611_f435w_1221,0,0.428571429,0.571428571,0,0
rxj2129_f850lp_127,0.5,0.125,0.375,0,0
macs1115_f390w_1041,0,1,0,0,0
rxj1347_f606w_795,0,0.5,0.5,0,0
macs1720_f160w_1544,1,0,0,0,0
macs0329_f435w_1535,0.875,0.125,0,0,0
macs0429_f160w_2149,0.875,0.125,0,0,0
macs0744_f775w_708,0,0.857142857,0.142857143,0,0
macs1149_f140w_579,0,0.375,0.625,0,0
a611_f390w_1451,0.375,0.25,0.375,0,0
rxj2129_f625w_1643,0.714285714,0,0,0.285714286,0
macs0717_f775w_444,0.857142857,0,0,0.142857143,0
macs0744_f814w_2398,0.2,0.2,0.6,0,0
macs1931_f475w_1197,0.166666667,0.166666667,0.666666667,0,0
macs0647_f475w_937,0,0.8,0.2,0,0
rxj2248_f775w_261,0.625,0.375,0,0,0
macs0717_f814w_171,0.25,0.75,0,0,0
macs1206_f850lp_1322,0.888888889,0,0,0.111111111,0
macs1931_f625w_1408,0.166666667,0.833333333,0,0,0
macs1311_f225w_625,0.25,0.125,0.25,0.25,0.125
macs0717_f606w_1062,0.333333333,0.666666667,0,0,0
macs1149_f275w_1995,0,0,0.833333333,0,0.166666667
macs0717_f336w_1123,0,0,0,0,1
macs2129_f475w_398,0.285714286,0.571428571,0.142857143,0,0
macs1931_f275w_1283,0.571428571,0.142857143,0.142857143,0.142857143,0
macs1206_f125w_1072,0.75,0,0,0.25,0
macs1149_f110w_2230,0.428571429,0.142857143,0.428571429,0,0
rxj2129_f140w_1762,0.5,0,0,0.5,0
macs1149_f140w_1417,0.8,0.2,0,0,0
macs0717_f625w_634,0.571428571,0.142857143,0.285714286,0,0
rxj1347_f336w_1693,0.25,0.25,0.5,0,0
rxj2248_f105w_261,0.714285714,0.142857143,0.142857143,0,0
macs1206_f814w_1023,0.285714286,0.285714286,0.428571429,0,0
macs0429_f606w_1187,0.75,0,0,0.25,0
macs1149_f475w_1385,0.888888889,0.111111111,0,0,0
macs1115_f606w_295,0.75,0.125,0,0.125,0
rxj1532_f110w_1300,0.428571429,0.142857143,0.428571429,0,0
macs0329_f606w_1896,0.75,0.125,0,0,0.125
a1423_f850lp_287,1,0,0,0,0
a2261_f390w_43,0,0.5,0.5,0,0
a1423_f275w_244,0,0.428571429,0.571428571,0,0
macs1931_f140w_1243,0.285714286,0.714285714,0,0,0
macs1115_f140w_1435,0,1,0,0,0
a611_f475w_698,0.333333333,0.666666667,0,0,0
rxj2248_f390w_261,0.555555556,0.333333333,0.111111111,0,0
macs2129_f336w_2104,0,0,0.125,0,0.875
a611_f225w_1780,0,0,0,0,1
macs1720_f105w_1313,0.4,0.2,0,0.4,0
macs1206_f606w_185,0,0.285714286,0.714285714,0,0
rxj2248_f814w_1877,0.444444444,0.333333333,0.222222222,0,0
macs1720_f435w_518,0,0,1,0,0
macs1931_f275w_1269,0,0,1,0,0
rxj2248_f160w_1375,0.125,0.375,0.5,0,0
macs0717_f475w_2145,0.166666667,0.666666667,0.166666667,0,0
macs0429_f606w_951,0.75,0.125,0.125,0,0
ms2137_f625w_1862,0,0.142857143,0.857142857,0,0
macs1931_f110w_1243,0.333333333,0.666666667,0,0,0
a383_f390w_675,1,0,0,0,0
macs1206_f814w_1586,0.666666667,0.166666667,0.166666667,0,0
macs1206_f125w_1322,0.875,0,0,0.125,0
macs1720_f225w_474,0,0,0,0,1
macs1720_f125w_1313,1,0,0,0,0
macs1206_f125w_1495,0,0,0,1,0
macs1115_f814w_701,1,0,0,0,0
macs1206_f336w_1495,0.714285714,0,0,0.142857143,0.142857143
macs1149_f814w_1245,1,0,0,0,0
rxj1532_f435w_1372,0,0,1,0,0
macs0717_f475w_1014,1,0,0,0,0
macs0429_f125w_1151,0.833333333,0,0,0.166666667,0
macs1311_f125w_1955,0.166666667,0.833333333,0,0,0
a383_f814w_2488,0.428571429,0.142857143,0.428571429,0,0
a611_f390w_698,0.875,0.125,0,0,0
a383_f814w_2240,1,0,0,0,0
macs0744_f390w_2398,0.125,0.125,0.75,0,0
macs0416_f390w_1644,0.142857143,0.571428571,0.285714286,0,0
a611_f390w_360,0.8,0.2,0,0,0
macs1206_f336w_1769,0.625,0.125,0.25,0,0
macs1311_f606w_791,0,0.625,0.25,0.125,0
macs2129_f140w_100,0.333333333,0.666666667,0,0,0
macs0416_f336w_169,0.25,0.125,0.375,0,0.25
rxj2248_f110w_261,0.833333333,0.166666667,0,0,0
ms2137_f275w_332,0,0,0.142857143,0,0.857142857
macs1311_f775w_1168,0.125,0.875,0,0,0
a2261_f475w_2056,0.75,0,0,0.25,0
a1423_f225w_1392,0,0,0,0,1
rxj2129_f390w_1483,0.8,0.2,0,0,0
macs0717_f475w_320,0.833333333,0,0,0.166666667,0
macs1720_f390w_414,1,0,0,0,0
rxj2129_f775w_1172,0,0.166666667,0.833333333,0,0
a1423_f110w_1534,0.857142857,0.142857143,0,0,0
macs0647_f125w_311,0.714285714,0.285714286,0,0,0
a2261_f110w_386,0,0.285714286,0.714285714,0,0
macs1311_f160w_1103,0,0.333333333,0.666666667,0,0
rxj2129_f275w_1583,0,0,0,0,1
macs1206_f105w_2027,1,0,0,0,0
macs0717_f814w_444,0.75,0,0,0.25,0
a1423_f275w_1796,1,0,0,0,0
macs1206_f625w_1495,0.571428571,0.142857143,0.285714286,0,0
macs1311_f336w_1411,0,0,0,0,1
macs0717_f336w_1466,0,0,0,0,1
macs1115_f390w_435,0,0,0.857142857,0,0.142857143
ms2137_f225w_315,0.142857143,0,0.571428571,0,0.285714286
macs0416_f475w_853,1,0,0,0,0
macs0647_f390w_813,0.333333333,0.166666667,0.333333333,0,0.166666667
macs1931_f140w_1408,0.285714286,0.714285714,0,0,0
ms2137_f625w_225,0.75,0.25,0,0,0
a209_f336w_2105,1,0,0,0,0
macs1206_f110w_1425,1,0,0,0,0
macs0717_f105w_1120,0.2,0,0,0.8,0
macs0329_f625w_1206,0.25,0,0,0.75,0
macs0429_f475w_1377,0.5,0.166666667,0.333333333,0,0
macs1115_f125w_1335,1,0,0,0,0
a1423_f275w_1534,0.285714286,0.428571429,0.285714286,0,0
macs1931_f125w_1876,0.857142857,0,0,0.142857143,0
rxj2129_f850lp_1046,0.571428571,0.428571429,0,0,0
macs1311_f775w_1955,0.125,0.875,0,0,0
macs0329_f225w_1414,0,0,0,0,1
macs1931_f275w_1669,0.5,0,0.25,0,0.25
macs1115_f625w_1405,0.428571429,0,0.571428571,0,0
macs1931_f336w_345,0,0,0,1,0
macs1931_f105w_1408,0.166666667,0.833333333,0,0,0
rxj1532_f814w_1038,0.875,0.125,0,0,0
macs0647_f625w_311,0.428571429,0.571428571,0,0,0
macs0717_f814w_1120,0.857142857,0,0,0.142857143,0
macs0717_f625w_444,0.875,0,0,0.125,0
macs1720_f606w_490,0.857142857,0,0,0.142857143,0
macs0717_f625w_930,1,0,0,0,0
macs1931_f606w_541,0.666666667,0.333333333,0,0,0
a2261_f625w_220,0.875,0.125,0,0,0
a611_f850lp_1777,0.666666667,0.166666667,0,0.166666667,0
macs1931_f435w_374,0.875,0,0,0.125,0
macs1206_f435w_1495,0.857142857,0,0.142857143,0,0
a1423_f850lp_1031,0,0,0,0,1
macs0647_f475w_1111,0,0.125,0.5,0,0.375
macs0717_f140w_1120,0,0,0,1,0
macs0647_f105w_472,0,0,0.428571429,0,0.571428571
macs1423_f475w_681,0,0,0.777777778,0,0.222222222
macs1206_f435w_772,1,0,0,0,0
macs0429_f850lp_1114,0.222222222,0.333333333,0.444444444,0,0
macs0647_f125w_1111,0.166666667,0.833333333,0,0,0
macs1720_f625w_703,0,0.714285714,0.285714286,0,0
clj1226_f105w_849,0.166666667,0.666666667,0.166666667,0,0
a2261_f336w_1137,1,0,0,0,0
macs1206_f606w_1495,0.428571429,0.571428571,0,0,0
macs0717_f110w_1120,0,0,0,1,0
macs1206_f105w_369,0.125,0,0.875,0,0
macs0717_f606w_1120,0.875,0,0,0.125,0
macs1115_f775w_435,0.333333333,0,0.666666667,0,0
macs0717_f850lp_930,0.375,0.125,0.125,0.375,0
a2261_f225w_1085,0,0,0,0,1
rxj2129_f814w_1172,0,0.166666667,0.833333333,0,0
macs0416_f110w_674,0.333333333,0.666666667,0,0,0
macs1206_f140w_1322,0.875,0,0,0.125,0
rxj1347_f160w_743,0.8,0.2,0,0,0
rxj2248_f625w_1016,1,0,0,0,0
macs0416_f435w_1582,0.75,0,0,0.25,0
macs1311_f435w_791,0.222222222,0.333333333,0.333333333,0.111111111,0
rxj2129_f105w_280,0,0.428571429,0.571428571,0,0
macs1720_f110w_1748,1,0,0,0,0
macs0416_f775w_669,1,0,0,0,0
macs1115_f775w_1699,1,0,0,0,0
rxj1347_f435w_499,0.8,0,0,0,0.2
macs1931_f125w_1408,0.5,0.5,0,0,0
macs1311_f435w_1955,0.166666667,0.166666667,0.333333333,0.166666667,0.166666667
macs0744_f336w_1775,0.857142857,0.142857143,0,0,0
macs0744_f475w_2398,0.142857143,0,0.857142857,0,0
macs0744_f140w_2398,0.857142857,0.142857143,0,0,0
macs1206_f814w_2027,0.857142857,0.142857143,0,0,0
a1423_f390w_1926,0.2,0.2,0.2,0,0.4
macs1423_f225w_1901,0,0,0.142857143,0,0.857142857
macs0647_f606w_311,0.25,0.375,0.375,0,0
macs1206_f140w_1106,0,0,1,0,0
macs2129_f606w_1961,1,0,0,0,0
macs1720_f850lp_414,0.142857143,0,0,0.857142857,0
macs0717_f775w_1120,1,0,0,0,0
rxj2129_f390w_1762,0.875,0,0,0.125,0
macs1423_f225w_1694,0,0,0,0,1
macs0647_f625w_1154,0.666666667,0.166666667,0,0.166666667,0
macs1931_f625w_992,0.428571429,0.142857143,0.428571429,0,0
rxj2129_f475w_1133,0.875,0,0,0.125,0
rxj1347_f814w_1706,1,0,0,0,0
macs1149_f775w_1029,1,0,0,0,0
macs1720_f110w_414,0,0,0,1,0
rxj2129_f775w_1762,0.8,0.2,0,0,0
a611_f336w_573,0,0.333333333,0.166666667,0,0.5
macs1931_f110w_452,1,0,0,0,0
macs1931_f850lp_1396,0.714285714,0.142857143,0,0.142857143,0
macs1423_f160w_1448,1,0,0,0,0
macs0717_f814w_930,0,0,0,1,0
ms2137_f105w_225,0.571428571,0.428571429,0,0,0
macs1149_f850lp_938,0.714285714,0.142857143,0.142857143,0,0
macs0416_f390w_191,0.166666667,0.5,0.333333333,0,0
rxj1532_f390w_728,0,0.142857143,0.857142857,0,0
macs1931_f850lp_1243,0.375,0.625,0,0,0
rxj2248_f125w_261,0.6,0.4,0,0,0
rxj2129_f390w_1162,0.285714286,0.714285714,0,0,0
a383_f125w_1465,0,1,0,0,0
macs0647_f606w_1582,1,0,0,0,0
rxj2129_f435w_280,0,0,0.428571429,0,0.571428571
macs0429_f336w_1859,0,0,0.571428571,0,0.428571429
macs0647_f435w_311,0.5,0.166666667,0.166666667,0.166666667,0
macs1423_f160w_1537,0.714285714,0.142857143,0,0.142857143,0
macs1115_f390w_396,0.857142857,0.142857143,0,0,0
macs1206_f814w_520,0.111111111,0,0.777777778,0,0.111111111
a1423_f336w_1031,0,0,0,0,1
rxj2129_f850lp_1274,1,0,0,0,0
macs0744_f814w_1775,0.25,0,0,0.75,0
a611_f105w_700,1,0,0,0,0
macs1206_f336w_626,0,0,1,0,0
clj1226_f775w_1954,0,0.111111111,0.777777778,0,0.111111111
macs1423_f125w_1616,1,0,0,0,0
macs1931_f435w_1221,0.75,0.125,0.125,0,0
macs1311_f336w_1260,0,0,0,0,1
macs1720_f606w_1313,0.75,0.125,0.125,0,0
macs1115_f390w_649,0.666666667,0.166666667,0.166666667,0,0
macs0744_f775w_2398,0,0,1,0,0
macs0416_f814w_915,1,0,0,0,0
macs2129_f850lp_656,0,0.166666667,0.833333333,0,0
macs1311_f105w_791,0.333333333,0.666666667,0,0,0
macs1423_f775w_998,0.333333333,0.333333333,0.333333333,0,0
macs0416_f140w_1572,0,1,0,0,0
rxj1347_f275w_106,0,0,0.875,0,0.125
macs0329_f140w_442,0.625,0.375,0,0,0
rxj2129_f814w_1762,1,0,0,0,0
macs1423_f850lp_1595,0,0,0,0,1
macs0416_f814w_354,0.833333333,0,0.166666667,0,0
macs0717_f625w_439,0.333333333,0.666666667,0,0,0
a2261_f225w_929,0,0,0,0,1
macs1115_f125w_295,0.285714286,0,0,0.714285714,0
macs0717_f105w_973,0.714285714,0,0.142857143,0.142857143,0
macs1311_f110w_791,0.285714286,0.571428571,0,0.142857143,0
macs2129_f850lp_349,0.125,0.375,0.5,0,0
a209_f225w_396,0.2,0,0.6,0,0.2
macs1720_f625w_1708,0.142857143,0.857142857,0,0,0
macs1311_f814w_1955,0,1,0,0,0
macs0717_f160w_370,1,0,0,0,0
ms2137_f606w_225,0.714285714,0.285714286,0,0,0
macs2129_f814w_2104,0.428571429,0.571428571,0,0,0
macs0416_f336w_936,0,0,0,0,1
macs0416_f625w_853,0.714285714,0.285714286,0,0,0
macs0647_f105w_311,0.666666667,0.333333333,0,0,0
macs0717_f850lp_320,0.857142857,0.142857143,0,0,0
macs1115_f140w_295,0.142857143,0,0,0.857142857,0
macs1206_f225w_1025,0,0,0.6,0,0.4
macs0647_f105w_1487,1,0,0,0,0
macs1311_f110w_1057,0.083333333,0,0.916666667,0,0
macs1115_f160w_295,0.285714286,0,0,0.714285714,0
ms2137_f275w_497,0,0,0.666666667,0,0.333333333
macs1206_f775w_945,0.375,0.625,0,0,0
macs2129_f775w_656,0,0,1,0,0
macs1206_f225w_694,0,0.166666667,0,0,0.833333333
macs0416_f336w_2187,0,0,0,0,1
macs0429_f606w_978,0.571428571,0,0.285714286,0.142857143,0
macs0429_f336w_198,0,0,0,0,1
rxj2248_f275w_1101,0,0,0.285714286,0,0.714285714
macs2129_f814w_1452,0.125,0.75,0.125,0,0
rxj1347_f336w_1018,0,0,0,0,1
macs0717_f850lp_1120,0.875,0,0,0.125,0
macs0717_f105w_2036,0.625,0.375,0,0,0
a611_f110w_1118,1,0,0,0,0
macs1149_f435w_1584,0,0.428571429,0.285714286,0,0.285714286
macs1149_f105w_1213,0.857142857,0.142857143,0,0,0
a383_f390w_610,0.857142857,0.142857143,0,0,0
macs0717_f775w_1247,0.857142857,0.142857143,0,0,0
macs0647_f160w_1091,0.666666667,0,0,0.333333333,0
a1423_f105w_287,0.8,0.2,0,0,0
macs0416_f435w_1572,0,0,0,0,1
macs0647_f850lp_1775,0.857142857,0,0,0.142857143,0
macs2129_f140w_349,0,1,0,0,0
a383_f850lp_1465,0.428571429,0.571428571,0,0,0
a1423_f225w_1955,0,0,0.111111111,0,0.888888889
rxj1347_f475w_236,1,0,0,0,0
clj1226_f110w_1542,0.25,0.125,0.625,0,0
a1423_f435w_2189,0.625,0.125,0.125,0,0.125
macs1931_f125w_2036,0.833333333,0.166666667,0,0,0
macs0416_f775w_1311,1,0,0,0,0
macs1206_f814w_791,0.666666667,0.333333333,0,0,0
macs0744_f606w_1964,0,0.875,0.125,0,0
a611_f814w_1118,1,0,0,0,0
rxj1347_f606w_1238,1,0,0,0,0
rxj2248_f125w_1177,1,0,0,0,0
clj1226_f336w_1587,0,0,0,0,1
macs1720_f390w_1977,0.5,0.166666667,0.333333333,0,0
macs2129_f275w_165,0.625,0.125,0,0,0.25
macs2129_f105w_1034,0.666666667,0.333333333,0,0,0
macs2129_f275w_161,0.833333333,0.166666667,0,0,0
macs1720_f390w_1073,0.2,0.2,0.6,0,0
macs2129_f390w_609,0,0,1,0,0
macs0717_f606w_2005,1,0,0,0,0
macs1149_f225w_1836,0,0,0,0,1
macs2129_f140w_656,0,0.333333333,0.666666667,0,0
macs0744_f814w_783,0.285714286,0.714285714,0,0,0
macs0429_f225w_1492,0,0,0,0,1
rxj2129_f225w_1228,0,0,0,0,1
macs1311_f105w_144,0.833333333,0,0,0.166666667,0
macs2129_f850lp_2104,0.666666667,0.333333333,0,0,0
macs1720_f160w_518,0.25,0,0.75,0,0
macs0416_f606w_995,0,0.428571429,0.571428571,0,0
rxj1347_f125w_743,0.875,0.125,0,0,0
a2261_f110w_148,0.571428571,0,0,0.428571429,0
a383_f850lp_675,0.714285714,0.142857143,0,0.142857143,0
macs0647_f105w_2049,1,0,0,0,0
rxj2129_f105w_1133,1,0,0,0,0
a383_f775w_1465,0.142857143,0.714285714,0.142857143,0,0
macs0647_f606w_1111,0.5,0.333333333,0.166666667,0,0
a383_f140w_675,0,0,0,1,0
macs1206_f475w_2027,0.333333333,0.166666667,0.5,0,0
macs1149_f275w_1123,0,0.125,0.875,0,0
rxj2248_f775w_1877,0,0.166666667,0.833333333,0,0
macs1720_f140w_1446,0.571428571,0.142857143,0,0.142857143,0.142857143
rxj2129_f110w_1172,0,0.833333333,0.166666667,0,0
macs0329_f125w_745,0.142857143,0.571428571,0.285714286,0,0
macs1720_f336w_1363,0,0.142857143,0.857142857,0,0
macs2129_f110w_2104,0.75,0.25,0,0,0
macs1423_f160w_1494,1,0,0,0,0
rxj2248_f336w_1736,0,0,0,0,1
macs0647_f775w_1111,0.714285714,0.285714286,0,0,0
clj1226_f336w_1966,0,0,0,0,1
ms2137_f814w_1711,1,0,0,0,0
macs1149_f606w_2001,0.857142857,0.142857143,0,0,0
rxj1347_f625w_738,1,0,0,0,0
a2261_f475w_95,0.285714286,0.714285714,0,0,0
rxj1347_f606w_743,1,0,0,0,0
macs0416_f140w_398,1,0,0,0,0
rxj2248_f160w_1537,0.857142857,0.142857143,0,0,0
rxj1347_f814w_507,0.857142857,0,0,0.142857143,0
macs0647_f814w_311,0.6,0.4,0,0,0
a2261_f606w_1625,0,0,1,0,0
macs1206_f160w_1138,0.888888889,0,0,0.111111111,0
a1423_f775w_1332,0,1,0,0,0
rxj2129_f140w_1172,0,1,0,0,0
macs0429_f125w_1502,1,0,0,0,0
macs0647_f140w_1111,0,1,0,0,0
a611_f125w_168,0,0,0.875,0,0.125
a209_f225w_677,0,0.285714286,0.714285714,0,0
macs0429_f336w_164,0,0,0,0,1
rxj1347_f160w_1857,0,0,0,1,0
macs0416_f435w_853,0.666666667,0.333333333,0,0,0
a1423_f435w_1534,0.285714286,0.714285714,0,0,0
macs1115_f475w_1435,0.8,0.2,0,0,0
a383_f275w_675,0.666666667,0,0.333333333,0,0
a1423_f435w_1332,0.125,0.625,0.25,0,0
macs1206_f160w_2027,1,0,0,0,0
macs1206_f435w_118,0.166666667,0.166666667,0.5,0,0.166666667
a383_f110w_1465,0,1,0,0,0
macs1931_f140w_562,0.714285714,0,0,0.285714286,0
macs0329_f105w_521,1,0,0,0,0
macs1931_f140w_819,0.714285714,0,0,0.285714286,0
rxj1532_f606w_448,0.875,0,0,0.125,0
macs1931_f105w_2036,0.75,0.25,0,0,0
macs1206_f105w_185,0,0.666666667,0.333333333,0,0
macs2129_f160w_656,0.285714286,0.142857143,0.571428571,0,0
a2261_f625w_89,0.833333333,0.166666667,0,0,0
macs0717_f775w_320,0.714285714,0.142857143,0,0.142857143,0
macs0744_f125w_2652,0.5,0.166666667,0.333333333,0,0
macs0647_f775w_937,0,0.833333333,0.166666667,0,0
a2261_f475w_444,0.857142857,0,0,0.142857143,0
macs1311_f125w_791,0.142857143,0.428571429,0,0.428571429,0
macs1206_f814w_886,0.714285714,0.285714286,0,0,0
a2261_f775w_89,1,0,0,0,0
macs0717_f160w_525,0.666666667,0.333333333,0,0,0
macs0416_f225w_1214,0,0,0.666666667,0,0.333333333
macs1423_f110w_1441,1,0,0,0,0
rxj2129_f160w_1133,0.888888889,0,0,0.111111111,0
a1423_f160w_287,0.857142857,0.142857143,0,0,0
macs0717_f105w_1474,0.75,0.25,0,0,0
macs1115_f336w_1115,0,0,0.333333333,0,0.666666667
macs2129_f475w_210,0,0,0.857142857,0,0.142857143
clj1226_f435w_638,1,0,0,0,0
macs2129_f606w_875,0.666666667,0.333333333,0,0,0
rxj2129_f110w_1762,0.888888889,0,0,0.111111111,0
macs0744_f160w_2398,0.875,0.125,0,0,0
macs0416_f814w_853,0.666666667,0.333333333,0,0,0
macs1149_f275w_1839,0,0,0.428571429,0,0.571428571
macs1149_f275w_1838,0,0,0.888888889,0,0.111111111
a2261_f850lp_89,0.875,0.125,0,0,0
rxj2129_f160w_1046,0.714285714,0.285714286,0,0,0
macs1931_f475w_541,0.571428571,0.428571429,0,0,0
a209_f110w_1756,0.571428571,0.428571429,0,0,0
macs1931_f390w_1718,0.75,0.125,0.125,0,0
macs1931_f140w_634,0.428571429,0.571428571,0,0,0
macs1931_f140w_638,0.857142857,0,0,0.142857143,0
macs1720_f390w_280,0,0.2,0.8,0,0
macs0717_f336w_930,0.222222222,0.333333333,0.333333333,0.111111111,0
macs1206_f435w_1769,0.875,0,0,0.125,0
macs0744_f225w_1020,0.857142857,0.142857143,0,0,0
rxj2248_f140w_1974,0,0.333333333,0.666666667,0,0
macs1149_f390w_922,0,0.428571429,0.571428571,0,0
macs0717_f105w_633,0,1,0,0,0
macs1720_f775w_1258,1,0,0,0,0
macs0717_f435w_1887,0,0,0.625,0,0.375
a1423_f475w_1534,0.428571429,0.571428571,0,0,0
rxj2129_f336w_1762,0.142857143,0.142857143,0.285714286,0,0.428571429
macs0429_f435w_693,0,0,0.857142857,0,0.142857143
clj1226_f435w_1235,1,0,0,0,0
macs1206_f140w_1905,0.666666667,0.333333333,0,0,0
rxj2129_f160w_280,0,0.428571429,0.571428571,0,0
macs0429_f275w_2076,0,0,0.5,0,0.5
macs1931_f775w_1243,0.142857143,0.857142857,0,0,0
macs1206_f140w_508,1,0,0,0,0
clj1226_f105w_1542,0.428571429,0.142857143,0.428571429,0,0
macs2129_f140w_1066,0,0,0.833333333,0,0.166666667
macs1931_f160w_984,0.875,0,0,0.125,0
macs1206_f140w_1495,0,0,0,1,0
macs2129_f336w_656,0,0,0.571428571,0,0.428571429
macs0717_f850lp_444,0.833333333,0.166666667,0,0,0
macs0329_f475w_1844,0,0,1,0,0
macs1115_f105w_1435,0.75,0.25,0,0,0
a611_f475w_1531,0.571428571,0.285714286,0.142857143,0,0
rxj2129_f475w_280,0,0.142857143,0.571428571,0.142857143,0.142857143
macs2129_f110w_613,0.142857143,0.285714286,0.571428571,0,0
macs0744_f606w_1775,1,0,0,0,0
a383_f336w_1825,0,0,1,0,0
macs1720_f125w_414,0.125,0,0,0.875,0
rxj2248_f850lp_1016,0.857142857,0.142857143,0,0,0
macs0647_f850lp_311,0.444444444,0.333333333,0.222222222,0,0
macs0329_f775w_232,1,0,0,0,0
a383_f390w_1066,0.571428571,0.142857143,0.285714286,0,0
a209_f435w_1426,1,0,0,0,0
macs0647_f435w_937,0.166666667,0.333333333,0.5,0,0
macs0647_f435w_935,0,0,0,0,1
macs1115_f336w_295,0.714285714,0,0,0.142857143,0.142857143
a611_f275w_1194,0,0,0,0,1
macs1720_f814w_518,0,0,1,0,0
macs1931_f850lp_1538,1,0,0,0,0
macs0329_f225w_1772,0.2,0.2,0.4,0,0.2
macs1931_f336w_869,0.428571429,0.142857143,0.285714286,0,0.142857143
macs0416_f110w_853,0.571428571,0.428571429,0,0,0
a209_f160w_796,0.625,0.375,0,0,0
rxj2129_f475w_1064,0.857142857,0.142857143,0,0,0
macs1720_f390w_518,0,0,1,0,0
a1423_f140w_287,1,0,0,0,0
macs0416_f606w_853,0.571428571,0.428571429,0,0,0
ms2137_f475w_1010,0.75,0.25,0,0,0
clj1226_f336w_1396,0,0,0,0,1
macs1931_f814w_2036,0.571428571,0.428571429,0,0,0
macs0717_f390w_1087,0,0,0,0,1
rxj2129_f125w_1046,0.428571429,0.571428571,0,0,0
macs0416_f105w_169,0.857142857,0.142857143,0,0,0
a383_f775w_1780,0.714285714,0.142857143,0.142857143,0,0
a383_f814w_514,0.166666667,0.833333333,0,0,0
macs1311_f160w_1955,0.166666667,0.833333333,0,0,0
a1423_f814w_1031,0,0,0.125,0,0.875
macs1931_f475w_1408,0.333333333,0.666666667,0,0,0
macs1115_f336w_1435,0.125,0,0.5,0,0.375
macs0429_f475w_1920,0.25,0.5,0.25,0,0
ms2137_f775w_225,0.857142857,0.142857143,0,0,0
macs0429_f814w_217,1,0,0,0,0
a1423_f850lp_1534,0.666666667,0.333333333,0,0,0
macs1931_f225w_1274,0.142857143,0.142857143,0.142857143,0,0.571428571
macs1115_f435w_295,0.714285714,0.142857143,0.142857143,0,0
macs1206_f850lp_1495,1,0,0,0,0
a1423_f775w_1031,0,0,0,0,1
macs1931_f140w_1562,0.666666667,0.333333333,0,0,0
ms2137_f125w_1053,0,1,0,0,0
macs0329_f814w_641,1,0,0,0,0
macs0717_f775w_790,1,0,0,0,0
macs0744_f814w_992,1,0,0,0,0
macs1423_f275w_1428,0,0.142857143,0.428571429,0,0.428571429
macs1931_f475w_1243,0.333333333,0.666666667,0,0,0
clj1226_f160w_1783,1,0,0,0,0
a2261_f475w_89,0.857142857,0.142857143,0,0,0
a2261_f475w_88,1,0,0,0,0
rxj1532_f336w_1137,0,0,0,0,1
macs0717_f625w_410,0,1,0,0,0
macs1720_f625w_1147,0.166666667,0.833333333,0,0,0
macs0744_f336w_2398,0,0,0.857142857,0,0.142857143
macs1206_f140w_887,1,0,0,0,0
macs0647_f606w_937,0,0.666666667,0.333333333,0,0
macs2129_f125w_656,0.25,0.125,0.625,0,0
rxj2248_f225w_890,0.5,0,0,0,0.5
clj1226_f850lp_1629,0.8,0.2,0,0,0
macs1311_f475w_791,0.142857143,0.714285714,0.142857143,0,0
rxj2129_f625w_1046,0.571428571,0.428571429,0,0,0
a1423_f225w_2084,0,0,0,0,1
rxj2129_f625w_1049,0.428571429,0.571428571,0,0,0
a611_f140w_1118,0.833333333,0,0,0.166666667,0
a383_f814w_675,1,0,0,0,0
macs1931_f475w_1396,0.75,0.125,0,0.125,0
macs1311_f775w_791,0,1,0,0,0
macs0744_f336w_2628,0,0.2,0.8,0,0
macs0429_f625w_1752,0.666666667,0.333333333,0,0,0
macs1206_f814w_1322,1,0,0,0,0
rxj2129_f625w_1133,1,0,0,0,0
a611_f225w_1217,0,0,0.5,0.125,0.375
macs2129_f225w_672,0.25,0,0.375,0,0.375
macs1311_f475w_1955,0.285714286,0.142857143,0.428571429,0.142857143,0
rxj2129_f140w_1437,0.166666667,0,0.833333333,0,0
macs0717_f850lp_305,1,0,0,0,0
rxj1347_f390w_1665,0.142857143,0.428571429,0.428571429,0,0
macs0416_f225w_1228,0.5,0.166666667,0.166666667,0,0.166666667
macs0647_f105w_426,0.428571429,0.285714286,0,0.285714286,0
macs1149_f475w_1213,0.571428571,0.285714286,0.142857143,0,0
macs1149_f475w_1212,0.5,0.5,0,0,0
macs0416_f775w_853,0.833333333,0.166666667,0,0,0
macs1311_f390w_791,0,0.4,0.4,0.2,0
a383_f105w_1465,0,1,0,0,0
macs0429_f390w_1058,0,0,0,0,1
rxj1532_f160w_1103,0,0,0,1,0
macs1206_f814w_1495,0.75,0,0,0.25,0
ms2137_f850lp_1538,0.875,0.125,0,0,0
macs0647_f110w_937,0,1,0,0,0
a209_f475w_1074,1,0,0,0,0
a1423_f475w_1031,0,0,0,0,1
rxj2129_f336w_1082,0,0,0,0,1
macs1206_f110w_185,0.166666667,0.666666667,0.166666667,0,0
macs2129_f105w_609,0,0.125,0.875,0,0
macs1115_f814w_295,0.857142857,0,0,0.142857143,0
macs0329_f140w_232,0.888888889,0.111111111,0,0,0
rxj2129_f435w_1163,0.857142857,0,0,0.142857143,0
a383_f390w_1472,0.6,0.2,0.2,0,0
macs0329_f606w_232,1,0,0,0,0
macs1206_f435w_962,0,0,0.857142857,0,0.142857143
a1423_f625w_2483,0.25,0.125,0.625,0,0
rxj2129_f435w_1762,0.625,0.125,0.25,0,0
a383_f160w_1465,0.5,0.5,0,0,0
rxj2129_f160w_1078,0.142857143,0,0,0.857142857,0
a2261_f814w_89,1,0,0,0,0
ms2137_f475w_280,0,0,1,0,0
rxj2248_f775w_1253,0.8,0.2,0,0,0
macs0647_f105w_937,0,1,0,0,0
a2261_f160w_353,0.5,0.5,0,0,0
macs0744_f225w_2398,0,0.142857143,0.714285714,0,0.142857143
a2261_f390w_1402,0.333333333,0,0.333333333,0,0.333333333
macs1720_f110w_518,0.142857143,0,0.857142857,0,0
macs1206_f475w_185,0,0.4,0.6,0,0
macs1931_f390w_1297,0.571428571,0.142857143,0.142857143,0,0.142857143
a1423_f225w_1534,0,0.142857143,0.857142857,0,0
macs1206_f475w_694,0,0.166666667,0.833333333,0,0
macs0329_f390w_1004,0,0.166666667,0.833333333,0,0
macs1720_f850lp_518,0,0,1,0,0
rxj1532_f336w_334,0,0.142857143,0.142857143,0,0.714285714
macs1115_f625w_435,0,0,1,0,0
macs0717_f475w_1120,0.888888889,0,0,0.111111111,0
macs1149_f105w_1212,0.142857143,0.857142857,0,0,0
macs0416_f814w_1617,0.666666667,0.25,0.083333333,0,0
macs0429_f336w_2218,0,0,0,0,1
macs0329_f140w_1041,1,0,0,0,0
rxj2129_f775w_1133,0.777777778,0,0,0.222222222,0
macs0329_f390w_521,0.6,0.4,0,0,0
macs1149_f110w_1213,0.666666667,0.333333333,0,0,0
macs1149_f110w_1212,0.25,0.75,0,0,0
a1423_f160w_1031,0,0,0.4,0,0.6
macs0329_f125w_232,1,0,0,0,0
macs1206_f850lp_503,1,0,0,0,0
macs1931_f390w_2036,1,0,0,0,0
ms2137_f435w_1856,0.428571429,0.428571429,0.142857143,0,0
macs1931_f775w_663,1,0,0,0,0
macs1149_f775w_1167,0,0,0.833333333,0,0.166666667
ms2137_f105w_1710,0.666666667,0.166666667,0.166666667,0,0
rxj2129_f275w_324,0,0.5,0,0,0.5
macs2129_f140w_677,0,0.25,0.75,0,0
macs0647_f390w_1904,0.8,0.2,0,0,0
rxj2129_f390w_1045,1,0,0,0,0
a611_f125w_1118,0.857142857,0,0,0.142857143,0
rxj2248_f225w_261,0.333333333,0,0.333333333,0,0.333333333
rxj2129_f390w_1049,0.714285714,0.285714286,0,0,0
macs1115_f475w_833,0,0,1,0,0
macs0329_f105w_232,0.857142857,0.142857143,0,0,0
macs0416_f275w_518,0.111111111,0,0.222222222,0,0.666666667
macs1311_f105w_1778,0.285714286,0.714285714,0,0,0
rxj1532_f225w_157,0.25,0.125,0.375,0.25,0
rxj1347_f606w_1102,1,0,0,0,0
macs2129_f110w_1307,0.888888889,0,0,0.111111111,0
macs1311_f475w_1168,0,0.875,0.125,0,0
macs1311_f160w_791,0.625,0,0,0.375,0
macs1931_f225w_1269,0,0,0,0,1
macs0416_f110w_1319,0.857142857,0,0,0.142857143,0
macs2129_f390w_398,0.571428571,0.142857143,0.285714286,0,0
a383_f336w_675,0.857142857,0,0,0.142857143,0
rxj2248_f160w_261,1,0,0,0,0
macs0329_f775w_917,0.333333333,0.111111111,0.444444444,0.111111111,0
a2261_f625w_1983,0.666666667,0,0.166666667,0.166666667,0
ms2137_f110w_1908,0.666666667,0,0.333333333,0,0
macs0717_f110w_930,0,0,0,1,0
macs1115_f814w_1435,0.714285714,0.285714286,0,0,0
macs1311_f606w_2065,0.142857143,0.571428571,0.285714286,0,0
a209_f475w_796,0,0,0.857142857,0,0.142857143
rxj1532_f336w_1038,0,0,0,0,1
macs1720_f625w_1488,1,0,0,0,0
macs2129_f625w_1337,0.375,0.125,0.5,0,0
macs1720_f625w_907,0,1,0,0,0
a209_f435w_1138,0,0,0.857142857,0,0.142857143
macs1720_f275w_414,0,0.142857143,0.285714286,0,0.571428571
macs0647_f850lp_1111,0.6,0.4,0,0,0
macs1115_f850lp_1435,0.8,0.2,0,0,0
a1423_f336w_287,0,0,0,0,1
a1423_f435w_1220,0.714285714,0.285714286,0,0,0
a1423_f125w_1923,0.875,0,0,0.125,0
macs2129_f625w_519,0.875,0.125,0,0,0
macs1423_f105w_1494,0.857142857,0,0,0.142857143,0
macs0647_f105w_1600,0.375,0.625,0,0,0
a1423_f814w_2201,0.111111111,0.777777778,0.111111111,0,0
a611_f390w_1575,0.833333333,0.166666667,0,0,0
macs1149_f775w_351,0.285714286,0.142857143,0.428571429,0.142857143,0
macs0329_f336w_1418,0,0,0,0,1
a1423_f125w_1031,0,0,0.181818182,0,0.818181818
rxj2129_f625w_280,0,0.166666667,0.833333333,0,0
macs0717_f110w_444,0,0,0,1,0
macs1423_f140w_1494,0.857142857,0,0,0.142857143,0
macs1720_f336w_1349,0,0,0,0,1
macs1115_f125w_395,0.833333333,0,0,0.166666667,0
macs1720_f125w_1863,0.857142857,0,0,0.142857143,0
macs0717_f160w_320,0,0,0,1,0
macs1931_f160w_1393,0.714285714,0.285714286,0,0,0
macs1206_f125w_912,0.857142857,0,0,0.142857143,0
rxj2248_f475w_261,0.25,0.5,0.25,0,0
macs1311_f850lp_980,0.714285714,0.142857143,0.142857143,0,0
rxj1347_f336w_876,0,0,0,0,1
macs0744_f275w_1117,0,0,0.125,0,0.875
macs0647_f225w_1603,0,0,0,0,1
rxj2129_f814w_1133,0.857142857,0,0,0.142857143,0
macs1115_f606w_1469,0.142857143,0.285714286,0.571428571,0,0
macs1115_f850lp_435,0,0,1,0,0
macs0416_f625w_862,0.166666667,0.833333333,0,0,0
macs1149_f606w_420,1,0,0,0,0
rxj2129_f225w_1343,0,0,0,0,1
a611_f435w_1118,0.666666667,0,0.333333333,0,0
rxj1532_f435w_448,0.857142857,0,0,0.142857143,0
macs1115_f775w_1435,0.666666667,0.333333333,0,0,0
macs1206_f140w_185,0,0.666666667,0.333333333,0,0
rxj1347_f140w_1786,0.857142857,0.142857143,0,0,0
macs0744_f140w_1775,0,0,0,1,0
macs1720_f105w_414,0,0,0,1,0
rxj1347_f775w_2072,1,0,0,0,0
macs1311_f775w_1357,1,0,0,0,0
macs1115_f775w_1095,0.142857143,0.857142857,0,0,0
macs0744_f850lp_2398,0.666666667,0.166666667,0.166666667,0,0
macs0429_f275w_151,0.857142857,0.142857143,0,0,0
macs0329_f625w_232,1,0,0,0,0
a611_f850lp_681,0.875,0.125,0,0,0
rxj2248_f850lp_781,0,0.5,0,0,0.5
ms2137_f390w_1150,0.125,0,0.875,0,0
rxj2248_f110w_1005,0.888888889,0.111111111,0,0,0
a383_f390w_1465,0,0,1,0,0
a2261_f225w_378,0.6,0,0.4,0,0
macs1149_f814w_1212,0.166666667,0.833333333,0,0,0
macs1149_f814w_1213,0.875,0.125,0,0,0
a2261_f225w_377,0,0,1,0,0
macs1115_f606w_435,0,0,1,0,0
macs1720_f225w_518,0,0,0,0,1
macs2129_f850lp_743,0.875,0,0,0.125,0
macs0744_f336w_1421,0,0,0,0,1
macs1720_f850lp_347,0.833333333,0.166666667,0,0,0
macs1206_f110w_1120,1,0,0,0,0
macs1149_f850lp_1212,0.375,0.625,0,0,0
macs1149_f850lp_1213,0.666666667,0.333333333,0,0,0
macs1931_f606w_84,0.222222222,0,0.777777778,0,0
macs1206_f775w_1322,1,0,0,0,0
macs0647_f625w_1111,0.375,0.5,0.125,0,0
macs1206_f775w_1495,0.666666667,0.333333333,0,0,0
rxj2129_f475w_1172,0,0.142857143,0.571428571,0,0.285714286
macs1423_f225w_756,0,0,0.25,0,0.75
macs1115_f275w_661,0.5,0,0,0.5,0
macs1423_f390w_947,0,0,0,0,1
rxj2248_f606w_866,0,0.142857143,0.857142857,0,0
rxj2248_f625w_261,0.666666667,0.333333333,0,0,0
macs1423_f225w_438,0.5,0.125,0.25,0,0.125
macs0717_f475w_444,0.666666667,0,0.166666667,0,0.166666667
macs1720_f435w_965,0.6,0.2,0.2,0,0
a1423_f110w_287,0.666666667,0.333333333,0,0,0
macs0717_f160w_1120,0,0,0,1,0
macs1423_f125w_1508,0.285714286,0.714285714,0,0,0
macs0429_f160w_1507,0,0,0,1,0
clj1226_f125w_435,0.142857143,0.285714286,0.571428571,0,0
macs1931_f125w_1173,0,0,0,1,0
rxj2129_f140w_280,0.125,0.5,0.375,0,0
macs0416_f814w_1572,0,0.833333333,0,0,0.166666667
macs0744_f814w_759,0.833333333,0.166666667,0,0,0
macs1931_f435w_1408,0.8,0.2,0,0,0
rxj2129_f275w_1681,0.625,0.25,0,0.125,0
macs1115_f435w_435,0.222222222,0,0.777777778,0,0
macs1720_f160w_414,0.111111111,0,0,0.888888889,0
rxj2248_f814w_1177,1,0,0,0,0
rxj2248_f606w_261,0.375,0.375,0.25,0,0
macs0429_f125w_1440,0,0.142857143,0.428571429,0,0.428571429
a209_f814w_796,0.5,0.5,0,0,0
macs1206_f110w_1495,0.166666667,0,0,0.833333333,0
macs1115_f475w_1733,0.875,0.125,0,0,0
macs0717_f336w_1391,0,0,0,0,1
macs1931_f336w_847,0,0,0,0,1
a2261_f606w_1037,0.857142857,0.142857143,0,0,0
macs1720_f850lp_1871,1,0,0,0,0
macs1206_f160w_1322,1,0,0,0,0
a2261_f160w_1881,1,0,0,0,0
macs0647_f850lp_937,0,0.833333333,0.166666667,0,0
a1423_f435w_1031,0,0,0,0,1
macs1931_f814w_1408,0.142857143,0.857142857,0,0,0
macs1931_f160w_2036,0.428571429,0.571428571,0,0,0
macs0647_f110w_311,0.571428571,0.285714286,0.142857143,0,0
macs0717_f390w_930,1,0,0,0,0
macs0717_f110w_320,0,0,0,1,0
macs0744_f125w_1529,0.833333333,0,0,0.166666667,0
macs0717_f105w_930,0,0,0,1,0
a611_f275w_490,0,0,0,0,1
macs1931_f625w_441,0.875,0,0,0.125,0
macs0329_f336w_1245,0,0,0,0,1
rxj1532_f140w_1223,0.25,0,0.75,0,0
a209_f435w_1127,0,0.166666667,0.833333333,0,0
a209_f435w_1123,0,0,0.111111111,0,0.888888889
macs1720_f625w_976,0.714285714,0.142857143,0.142857143,0,0
macs1720_f336w_1718,0,0,0.428571429,0,0.571428571
macs1206_f850lp_1583,0.142857143,0.428571429,0.428571429,0,0
macs1931_f105w_1243,0.125,0.875,0,0,0
macs2129_f475w_656,0.125,0,0.875,0,0
a1423_f435w_1781,0.142857143,0.285714286,0.571428571,0,0
ms2137_f336w_602,0,0,0,0,1
macs1115_f850lp_1744,0.571428571,0.142857143,0.142857143,0,0.142857143
macs0416_f125w_495,0,0.285714286,0.714285714,0,0
macs1149_f225w_1478,0.142857143,0,0.714285714,0,0.142857143
macs0717_f606w_444,0.857142857,0,0,0.142857143,0
a1423_f275w_287,0,0,0,0,1
a209_f814w_1594,1,0,0,0,0
ms2137_f140w_2017,1,0,0,0,0
rxj2129_f336w_534,0,0,1,0,0
macs1149_f475w_1839,0.75,0.25,0,0,0
macs1311_f225w_791,0.714285714,0,0,0.285714286,0
macs0329_f110w_232,1,0,0,0,0
macs2129_f625w_656,0,0,1,0,0
macs0717_f814w_305,1,0,0,0,0
macs2129_f775w_2104,0.5,0.125,0.375,0,0
macs0717_f625w_320,0.833333333,0.166666667,0,0,0
macs1311_f850lp_756,0.857142857,0,0.142857143,0,0
macs1115_f110w_435,0,0,1,0,0
a383_f125w_936,0,1,0,0,0
macs1115_f105w_944,0.8,0,0,0.2,0
macs0744_f606w_2398,0.1,0.1,0.8,0,0
rxj2129_f814w_280,0,0.142857143,0.857142857,0,0
macs0717_f105w_335,0.5,0.5,0,0,0
rxj1347_f775w_1302,0.9,0.1,0,0,0
macs0717_f140w_1625,0.142857143,0.857142857,0,0,0
macs2129_f435w_2104,0.111111111,0,0.222222222,0,0.666666667
a2261_f435w_202,1,0,0,0,0
ms2137_f435w_385,0.857142857,0,0,0.142857143,0
macs1720_f475w_414,0,0,0,1,0
macs0329_f125w_1758,0.888888889,0.111111111,0,0,0
rxj1347_f225w_293,0.285714286,0.142857143,0.142857143,0,0.428571429
macs1206_f775w_2027,0.833333333,0.166666667,0,0,0
rxj1347_f390w_1289,0,0,0,0,1
macs1931_f606w_2036,0.714285714,0.285714286,0,0,0
a1423_f140w_1031,0,0,0.571428571,0,0.428571429
macs0416_f275w_1397,0,0,0.142857143,0,0.857142857
ms2137_f125w_1949,0.285714286,0.714285714,0,0,0
rxj1532_f105w_726,0.285714286,0,0.714285714,0,0
macs1115_f850lp_190,0.285714286,0,0.714285714,0,0
macs1115_f435w_1405,0.142857143,0,0.714285714,0,0.142857143
macs0416_f850lp_853,0.666666667,0.333333333,0,0,0
macs1931_f160w_1408,0.375,0.625,0,0,0
macs0744_f160w_1775,0,0,0,1,0
macs1115_f160w_435,0,0,1,0,0
a383_f336w_1465,0,0,1,0,0
a2261_f160w_936,1,0,0,0,0
macs1423_f606w_1494,1,0,0,0,0
rxj2129_f105w_741,1,0,0,0,0
macs0429_f435w_960,0.833333333,0.166666667,0,0,0
macs2129_f225w_1298,0.714285714,0,0,0.285714286,0
a611_f160w_1118,1,0,0,0,0
macs1206_f850lp_1905,0.25,0.5,0.25,0,0
a209_f336w_1663,0,0,0,0,1
a1423_f225w_1469,0,0,0,0,1
rxj2129_f435w_1046,0.5,0.333333333,0.166666667,0,0
rxj2129_f475w_1762,0.833333333,0,0,0.166666667,0
a611_f475w_826,0.375,0.375,0.25,0,0
clj1226_f625w_1199,1,0,0,0,0
a383_f275w_1465,0,0,0.857142857,0,0.142857143
a2261_f390w_2089,0.714285714,0,0,0.285714286,0
a1423_f390w_1199,0,0,1,0,0
rxj2248_f275w_1929,0.5,0.166666667,0.333333333,0,0
macs1931_f775w_1141,0.333333333,0.666666667,0,0,0
macs0647_f105w_1397,0.857142857,0.142857143,0,0,0
macs1311_f160w_1168,0.142857143,0.857142857,0,0,0
rxj2129_f336w_330,0.142857143,0.285714286,0.571428571,0,0
macs0717_f390w_1504,0.714285714,0,0,0.285714286,0
a2261_f105w_89,1,0,0,0,0
macs1206_f625w_185,0.142857143,0.142857143,0.571428571,0,0.142857143
macs1720_f125w_518,0.222222222,0,0.777777778,0,0
rxj2248_f275w_41,0,0,0.666666667,0,0.333333333
macs1149_f775w_1212,0.25,0.75,0,0,0
macs1149_f775w_1213,0.571428571,0.428571429,0,0,0
macs1311_f850lp_1168,0,1,0,0,0
a383_f140w_1692,1,0,0,0,0
macs2129_f110w_1477,0.714285714,0,0,0.285714286,0
macs1931_f110w_1408,0.666666667,0.333333333,0,0,0
a2261_f625w_1704,0,0.428571429,0.571428571,0,0
rxj2129_f775w_280,0,0.375,0.625,0,0
macs0744_f435w_1020,0,0,0,1,0
a1423_f606w_1467,0.4,0.6,0,0,0
macs0429_f225w_2076,0,0,0,0,1
macs0717_f225w_566,0,0,0,0,1
macs2129_f275w_521,0.857142857,0.142857143,0,0,0
macs0744_f275w_833,0.285714286,0.142857143,0.142857143,0,0.428571429
a383_f606w_675,0.666666667,0,0,0.333333333,0
macs1720_f814w_414,0.285714286,0.142857143,0,0.571428571,0
macs1149_f225w_1652,0,0,0.166666667,0,0.833333333
a2261_f336w_52,0,0,0.285714286,0,0.714285714
rxj2129_f275w_451,0,0.142857143,0,0,0.857142857
macs1115_f475w_815,1,0,0,0,0
macs1206_f105w_895,0.833333333,0,0,0.166666667,0
macs1149_f850lp_599,0.333333333,0.5,0.166666667,0,0
rxj2129_f850lp_1172,0,0.166666667,0.833333333,0,0
rxj2129_f110w_1133,0.857142857,0,0,0.142857143,0
macs0429_f814w_311,0.857142857,0.142857143,0,0,0
macs0416_f850lp_1572,0.125,0.875,0,0,0
macs2129_f110w_1212,1,0,0,0,0
a383_f606w_1465,0,0.571428571,0.428571429,0,0
macs1720_f775w_518,0,0,1,0,0
rxj2129_f105w_1172,0,0.285714286,0.714285714,0,0
a383_f336w_610,0.6,0.2,0.2,0,0
macs1931_f225w_1243,0,0,0,0,1
macs0717_f140w_320,0.142857143,0,0,0.857142857,0
macs1931_f160w_1243,0.125,0.875,0,0,0
macs1115_f110w_408,1,0,0,0,0
macs0647_f110w_1958,0,0,0,0,1
a1423_f275w_1392,0,0,0,0,1
macs1206_f140w_1447,0,0.8,0.2,0,0
macs0647_f160w_311,0.769230769,0.230769231,0,0,0
macs1206_f110w_2027,0.666666667,0.333333333,0,0,0
rxj2129_f140w_1139,1,0,0,0,0
rxj2129_f275w_859,0,0,0,0,1
macs1720_f275w_477,0,0.125,0.625,0,0.25
rxj2129_f140w_1133,0.857142857,0,0,0.142857143,0
macs0329_f850lp_1670,0.857142857,0.142857143,0,0,0
macs0647_f775w_1026,0,0,1,0,0
clj1226_f125w_1542,0.142857143,0,0.857142857,0,0
macs0647_f336w_1670,0,0,0,0,1
macs0429_f814w_1040,0,0.333333333,0.666666667,0,0
macs0647_f140w_311,0.625,0.375,0,0,0
macs1206_f160w_1688,0,1,0,0,0
rxj2129_f625w_1762,1,0,0,0,0
macs1206_f475w_1322,1,0,0,0,0
rxj2248_f225w_1093,0,0,0,0,1
rxj2248_f336w_1089,0,0,0,0,1
macs1149_f160w_1212,0.4,0.6,0,0,0
macs1149_f160w_1213,0.666666667,0.333333333,0,0,0
ms2137_f814w_225,0.666666667,0.333333333,0,0,0
macs0329_f435w_442,0.333333333,0.5,0.166666667,0,0
clj1226_f105w_752,0.833333333,0,0,0.166666667,0
macs1720_f160w_1313,0.75,0,0,0.25,0
macs1423_f125w_1135,0.857142857,0,0,0.142857143,0
macs1115_f775w_654,1,0,0,0,0
macs2129_f606w_2104,0.333333333,0.333333333,0.333333333,0,0
macs0429_f475w_1407,0.833333333,0,0,0.166666667,0
macs1931_f435w_2036,0.833333333,0.166666667,0,0,0
macs1931_f225w_946,0,0,1,0,0
clj1226_f225w_2050,0,0,0,0,1
macs1311_f775w_858,0.142857143,0.857142857,0,0,0
macs1115_f850lp_295,0.8,0.2,0,0,0
macs1206_f160w_185,0,0.875,0.125,0,0
macs1720_f336w_1213,0.142857143,0.285714286,0.428571429,0,0.142857143
macs0717_f105w_320,0.857142857,0,0,0.142857143,0
rxj1347_f775w_1991,0.857142857,0,0.142857143,0,0
clj1226_f125w_992,0.875,0.125,0,0,0
macs2129_f850lp_1077,0.555555556,0.444444444,0,0,0
rxj1532_f625w_873,0.875,0.125,0,0,0
macs1115_f275w_435,0.125,0.125,0.625,0,0.125
macs1931_f475w_2036,0.714285714,0.285714286,0,0,0
macs0647_f160w_1111,0,1,0,0,0
a1423_f140w_1534,0.5,0.5,0,0,0
macs0717_f850lp_884,0.375,0.5,0.125,0,0
macs0744_f475w_1775,0.857142857,0,0,0.142857143,0
macs0429_f625w_1011,0.333333333,0.166666667,0.5,0,0
a383_f110w_1683,0.571428571,0.428571429,0,0,0
macs1115_f606w_1790,0,0,1,0,0
macs1931_f275w_1218,0,0.2,0.8,0,0
macs1115_f336w_435,0.333333333,0,0.666666667,0,0
macs2129_f606w_1900,0.571428571,0.428571429,0,0,0
a1423_f475w_287,0.142857143,0.285714286,0.571428571,0,0
macs2129_f775w_1449,0.833333333,0.166666667,0,0,0
rxj2129_f435w_1133,1,0,0,0,0
macs1206_f850lp_185,0,0.714285714,0.285714286,0,0
a383_f110w_877,0.5,0.5,0,0,0
a1423_f625w_287,0.428571429,0.428571429,0.142857143,0,0
macs1206_f225w_1569,0.857142857,0,0,0,0.142857143
a611_f160w_1104,0,0.714285714,0.285714286,0,0
macs0416_f390w_853,1,0,0,0,0
macs1720_f435w_160,1,0,0,0,0
a611_f435w_488,1,0,0,0,0
macs0429_f275w_2030,0,0,0.142857143,0,0.857142857
macs2129_f225w_881,0,0,0,0,1
clj1226_f775w_1542,0,0,1,0,0
a611_f606w_1118,1,0,0,0,0
a2261_f140w_89,1,0,0,0,0
a611_f475w_1118,0.714285714,0,0.142857143,0,0.142857143
macs0717_f275w_2038,0,0,1,0,0
macs0416_f105w_302,0.857142857,0,0.142857143,0,0
a1423_f390w_1031,0,0,0,0,1
macs1720_f336w_414,0.375,0.125,0.5,0,0
macs0429_f275w_467,0.5,0,0,0,0.5
macs1206_f606w_756,0,0.25,0.75,0,0
rxj1532_f814w_728,0,0.142857143,0.857142857,0,0
macs1720_f140w_1976,0.857142857,0,0,0.142857143,0
a209_f105w_796,0.625,0.25,0.125,0,0
a2261_f110w_89,1,0,0,0,0
ms2137_f140w_225,0.857142857,0.142857143,0,0,0
rxj2248_f606w_842,0.4,0.6,0,0,0
rxj2129_f275w_534,0,0,1,0,0
macs0647_f390w_311,0.625,0,0.375,0,0
macs1720_f435w_414,0.666666667,0.166666667,0,0.166666667,0
a209_f390w_2154,0,0,1,0,0
macs0329_f110w_919,0.833333333,0,0,0.166666667,0
a209_f275w_987,0,0,0.166666667,0,0.833333333
macs1931_f775w_272,0.75,0,0,0.25,0
a1423_f435w_287,0.125,0,0.75,0,0.125
macs1149_f125w_1213,0.5,0.5,0,0,0
macs1149_f125w_1212,0.125,0.875,0,0,0
macs0744_f140w_918,0.857142857,0.142857143,0,0,0
rxj2248_f140w_261,0.833333333,0.166666667,0,0,0
macs0717_f105w_1234,0.8,0.2,0,0,0
macs1115_f225w_913,0,0,1,0,0
a2261_f390w_710,0.666666667,0.166666667,0,0.166666667,0
macs0416_f160w_1489,1,0,0,0,0
macs1206_f110w_1929,1,0,0,0,0
macs0647_f435w_972,0,0.571428571,0.428571429,0,0
macs0416_f160w_1572,0,1,0,0,0
macs1311_f225w_1311,0,0,0,0,1
rxj2129_f105w_1762,0.888888889,0.111111111,0,0,0
macs1206_f625w_685,0.5,0.333333333,0.166666667,0,0
clj1226_f625w_1542,0.166666667,0,0.833333333,0,0
macs2129_f606w_1116,0.666666667,0.333333333,0,0,0
macs0717_f435w_444,0.666666667,0,0.333333333,0,0
macs1206_f606w_2027,0.571428571,0.285714286,0.142857143,0,0
macs1423_f850lp_1494,0.833333333,0,0,0.166666667,0
macs1311_f625w_1168,0,1,0,0,0
macs0744_f125w_1435,0.875,0.125,0,0,0
macs0329_f814w_731,1,0,0,0,0
macs2129_f125w_2104,1,0,0,0,0
a1423_f850lp_2383,0.714285714,0,0.142857143,0.142857143,0
a1423_f606w_1031,0,0,0,0,1
macs1423_f336w_999,0,0,0,0,1
ms2137_f336w_1232,0.375,0.125,0,0,0.5
macs1115_f475w_1115,0,0.333333333,0.666666667,0,0
macs1149_f390w_1839,1,0,0,0,0
a2261_f125w_89,1,0,0,0,0
rxj2248_f336w_950,0,0,0,0,1
macs1115_f435w_894,0.833333333,0.166666667,0,0,0
rxj2129_f850lp_1762,0.714285714,0.142857143,0,0.142857143,0
rxj1347_f625w_743,0.833333333,0.166666667,0,0,0
a209_f435w_1101,0.125,0.625,0.25,0,0
macs1115_f390w_535,0,0.111111111,0.777777778,0,0.111111111
macs1149_f125w_327,1,0,0,0,0
macs2129_f390w_528,0,0,1,0,0
macs1931_f625w_1243,0,1,0,0,0
macs1311_f850lp_1955,0,1,0,0,0
macs2129_f625w_521,0.285714286,0,0,0.714285714,0
macs1931_f275w_946,0,0,1,0,0
macs1931_f275w_945,0,0,1,0,0
macs1149_f160w_243,0.166666667,0.666666667,0.166666667,0,0
rxj2129_f275w_1343,0,0,0,0,1
macs1720_f475w_1313,0.833333333,0,0,0.166666667,0
rxj1347_f814w_732,0.6,0.4,0,0,0
macs0647_f125w_98,0,0,1,0,0
rxj2248_f225w_903,0,0,0.142857143,0,0.857142857
macs1206_f105w_1687,0.857142857,0,0,0.142857143,0
macs0416_f105w_936,0,0.142857143,0.571428571,0,0.285714286
macs0416_f606w_122,0.125,0.875,0,0,0
rxj1347_f850lp_1327,0.666666667,0,0,0.333333333,0
macs0717_f125w_930,0,0,0,1,0
macs0717_f125w_444,0.285714286,0.142857143,0,0.571428571,0
macs0717_f814w_1060,0.666666667,0.333333333,0,0,0
macs0717_f814w_320,0.857142857,0,0,0.142857143,0
rxj1532_f435w_873,0.285714286,0.142857143,0.285714286,0,0.285714286
macs2129_f110w_938,0.75,0,0.25,0,0
macs0647_f140w_1213,0.857142857,0.142857143,0,0,0
a209_f435w_2460,0.714285714,0.142857143,0.142857143,0,0
rxj2248_f225w_1085,0,0,0.857142857,0,0.142857143
macs2129_f850lp_580,0,1,0,0,0
macs0717_f160w_444,0,0,0,1,0
macs0647_f625w_89,0,0.4,0.6,0,0
macs0744_f105w_2398,0.2,0.4,0.4,0,0
macs0416_f125w_853,0.5,0.5,0,0,0
macs0717_f125w_1393,0.714285714,0,0,0.285714286,0
a1423_f125w_1264,0.857142857,0.142857143,0,0,0
rxj2129_f336w_1681,0.857142857,0,0.142857143,0,0
macs1206_f390w_1193,0,0,0.666666667,0,0.333333333
macs1149_f475w_181,0.571428571,0.285714286,0,0,0.142857143
macs0416_f225w_1114,0,0,0,0,1
macs0717_f606w_930,0,0,0,1,0
rxj1347_f275w_1036,0,0,0,0,1
macs1115_f336w_760,0,0,0,0,1
macs0717_f105w_444,0.5,0,0,0.5,0
ms2137_f475w_1877,0.833333333,0.166666667,0,0,0
macs0717_f390w_319,0,0,1,0,0
macs0647_f105w_1154,0.571428571,0.285714286,0,0.142857143,0
macs1720_f105w_518,0.142857143,0,0.714285714,0.142857143,0
rxj1347_f475w_162,0.857142857,0.142857143,0,0,0
macs0717_f105w_2093,0.5,0.333333333,0.166666667,0,0
a383_f435w_1465,0,0.4,0.6,0,0
macs1206_f435w_922,1,0,0,0,0
macs1149_f625w_1213,0.444444444,0.555555556,0,0,0
macs0717_f390w_790,0.625,0.125,0.25,0,0
macs1931_f850lp_632,1,0,0,0,0
macs1720_f850lp_334,0.125,0.375,0.5,0,0
macs2129_f625w_879,0,0.833333333,0.166666667,0,0
a209_f140w_2482,0.833333333,0.166666667,0,0,0
ms2137_f475w_225,1,0,0,0,0
rxj1347_f390w_541,0.285714286,0.142857143,0.571428571,0,0
macs0416_f775w_1572,0,0.875,0.125,0,0
rxj2248_f775w_1364,0.166666667,0.166666667,0.666666667,0,0
macs0717_f105w_2148,0.166666667,0.833333333,0,0,0
rxj2248_f225w_584,0.166666667,0.5,0.166666667,0,0.166666667
macs0717_f105w_2147,0,0,1,0,0
macs0717_f775w_1083,0.375,0.5,0.125,0,0
macs2129_f105w_197,0,0,1,0,0
a2261_f110w_1660,0,1,0,0,0
macs1423_f110w_1494,1,0,0,0,0
macs0647_f140w_937,0.142857143,0.857142857,0,0,0
macs1423_f275w_2120,0,0,0,0,1
macs0429_f225w_2189,0,0,0.714285714,0,0.285714286
macs2129_f475w_2104,0,0,1,0,0
macs1206_f775w_1687,0.875,0.125,0,0,0
a1423_f390w_1534,0.222222222,0.444444444,0.333333333,0,0
rxj2129_f775w_1046,0.625,0.375,0,0,0
clj1226_f336w_1616,0,0,0,0,1
macs1931_f625w_344,1,0,0,0,0
rxj1532_f225w_716,0,0,0.428571429,0,0.571428571
macs0744_f110w_1529,0.875,0.125,0,0,0
rxj2129_f275w_618,0.111111111,0.333333333,0.444444444,0,0.111111111
rxj1347_f814w_1772,0.625,0.375,0,0,0
clj1226_f336w_1182,0,0,0,0,1
a1423_f105w_1534,0.8,0.2,0,0,0
macs1149_f775w_1231,0.888888889,0,0,0.111111111,0
a383_f625w_1465,0.142857143,0.714285714,0.142857143,0,0
a611_f225w_1536,0.444444444,0,0.111111111,0.222222222,0.222222222
a209_f225w_1471,0,0.166666667,0.666666667,0,0.166666667
macs1311_f625w_1955,0.142857143,0.857142857,0,0,0
macs1115_f125w_1435,0.6,0.4,0,0,0
macs1720_f110w_1313,0.666666667,0,0.166666667,0.166666667,0
macs1206_f390w_185,0,0.714285714,0.285714286,0,0
macs1311_f625w_791,0,1,0,0,0
macs1115_f275w_295,0.5,0,0.125,0,0.375
a209_f140w_796,0.5,0.375,0.125,0,0
a1423_f110w_1220,1,0,0,0,0
macs0647_f814w_937,0,1,0,0,0
a2261_f275w_96,1,0,0,0,0
macs0744_f336w_833,0.6,0.2,0.2,0,0
macs0717_f125w_320,0.625,0,0,0.375,0
a2261_f160w_447,0,0,0,1,0
macs0416_f336w_1214,0,0,1,0,0
macs1311_f275w_791,0.75,0.125,0,0.125,0
macs1931_f110w_2036,1,0,0,0,0
a1423_f606w_1534,0.571428571,0.428571429,0,0,0
a383_f125w_675,0,0,0,1,0
macs0744_f775w_1775,0.8,0,0,0.2,0
macs1720_f606w_414,0.285714286,0,0,0.714285714,0
clj1226_f850lp_1542,0.333333333,0.166666667,0.5,0,0
macs1206_f435w_2027,0.142857143,0,0.714285714,0,0.142857143
macs0647_f275w_1026,0,0,0,0,1
ms2137_f125w_225,0.857142857,0.142857143,0,0,0
macs0416_f625w_1572,0,0.75,0.125,0,0.125
macs1149_f625w_1110,0.75,0,0,0.25,0
macs1720_f140w_518,0.125,0,0.875,0,0
macs1311_f606w_1151,0.125,0.875,0,0,0
a2261_f625w_820,0,0,1,0,0
ms2137_f336w_365,0,0,0,0,1
macs1311_f140w_1168,0.142857143,0.857142857,0,0,0
a383_f275w_610,0,0,0.142857143,0,0.857142857
rxj1347_f814w_743,0.888888889,0.111111111,0,0,0
a383_f110w_1207,0.833333333,0.166666667,0,0,0
macs1206_f105w_1322,0.833333333,0,0,0.166666667,0
a209_f225w_1122,0,0,0,0,1
a209_f225w_1125,0,0.166666667,0.5,0,0.333333333
macs1423_f160w_1487,0.375,0.125,0.5,0,0
macs1931_f475w_1128,0.875,0,0,0.125,0
macs1115_f105w_979,0.777777778,0.111111111,0.111111111,0,0
macs0329_f606w_643,0.25,0.75,0,0,0
a2261_f275w_455,0,0.166666667,0.166666667,0,0.666666667
rxj2129_f814w_1046,0.5,0.5,0,0,0
macs0429_f850lp_1465,0,0,1,0,0
macs0416_f105w_853,0.428571429,0.571428571,0,0,0
macs1115_f775w_295,1,0,0,0,0
macs0717_f625w_791,0,0.375,0.625,0,0
macs1115_f275w_1435,0.111111111,0.111111111,0.111111111,0,0.666666667
macs1311_f475w_396,0.714285714,0.142857143,0.142857143,0,0
macs0744_f125w_1775,0,0,0,1,0
macs1115_f435w_1435,0.833333333,0.166666667,0,0,0
macs1206_f390w_1322,0.5,0.125,0,0.25,0.125
macs0744_f125w_1503,1,0,0,0,0
a1423_f125w_1529,1,0,0,0,0
a209_f225w_2373,0,0,0,0,1
a383_f625w_68,1,0,0,0,0
a383_f110w_675,0,0,0,1,0
macs1423_f606w_681,0,0.333333333,0.666666667,0,0
macs0416_f625w_354,0.166666667,0.166666667,0.666666667,0,0
macs1311_f110w_1113,0.833333333,0.166666667,0,0,0
macs0717_f606w_320,1,0,0,0,0
macs1423_f336w_1065,0,0,0.25,0,0.75
macs1311_f140w_791,0.375,0.5,0,0.125,0
macs1931_f775w_2036,0.714285714,0.285714286,0,0,0
macs0717_f125w_1120,0,0,0,1,0
macs0416_f275w_1218,0.714285714,0,0.142857143,0.142857143,0
a611_f225w_573,0,0,0,0,1
macs1720_f475w_518,0.142857143,0,0.857142857,0,0
rxj1532_f390w_1072,1,0,0,0,0
macs1115_f625w_295,0.714285714,0,0,0.285714286,0
macs2129_f606w_881,0,1,0,0,0
macs2129_f140w_2104,0.5,0.5,0,0,0
a383_f775w_675,0.75,0,0,0.25,0
a2261_f275w_208,0,0,0,0,1
a611_f775w_1118,1,0,0,0,0
rxj2248_f850lp_261,0.428571429,0.571428571,0,0,0
macs1206_f275w_694,0,0,0.666666667,0,0.333333333
macs2129_f275w_2104,0,0,0,0,1
macs1115_f475w_295,0.714285714,0,0,0.285714286,0
macs1720_f475w_280,0,0.2,0.8,0,0
macs1206_f225w_1871,0,0,0.833333333,0,0.166666667
ms2137_f850lp_225,0.571428571,0.428571429,0,0,0
macs1311_f814w_791,0.111111111,0.888888889,0,0,0
macs1206_f110w_1278,0.857142857,0.142857143,0,0,0
macs0429_f225w_1173,0,0,1,0,0
macs1931_f390w_1970,0.555555556,0.111111111,0.111111111,0.222222222,0
rxj2248_f775w_1371,1,0,0,0,0
macs1720_f336w_326,0.333333333,0.111111111,0.111111111,0.222222222,0.222222222
a383_f140w_1771,0.777777778,0,0,0.222222222,0
a209_f105w_915,0,0.833333333,0.166666667,0,0
a1423_f775w_287,0.714285714,0.285714286,0,0,0
a209_f775w_983,0,0.166666667,0.833333333,0,0
macs1931_f775w_584,0.857142857,0,0.142857143,0,0
macs0744_f850lp_803,0.166666667,0.833333333,0,0,0
a2261_f125w_267,0,0,0,1,0
rxj2129_f475w_1046,0.444444444,0.333333333,0.222222222,0,0
a1423_f110w_1031,0,0,0.166666667,0,0.833333333
macs0429_f625w_759,1,0,0,0,0
rxj2248_f125w_1672,0.666666667,0.333333333,0,0,0
macs0329_f125w_1781,0.714285714,0,0,0.285714286,0
macs1311_f336w_448,0,0,0,1,0
macs1115_f814w_435,0,0,1,0,0
a1423_f105w_1031,0,0,0.333333333,0,0.666666667
macs1720_f390w_1870,0,0.166666667,0.833333333,0,0
rxj1532_f775w_1307,1,0,0,0,0
macs1115_f435w_360,0,0.142857143,0.714285714,0,0.142857143
a209_f125w_796,0.428571429,0.571428571,0,0,0
rxj2248_f160w_838,1,0,0,0,0
a383_f606w_443,0.428571429,0.571428571,0,0,0
a1423_f435w_2461,0,0,1,0,0
macs1206_f850lp_2027,0.833333333,0.166666667,0,0,0
macs0429_f435w_1276,0.714285714,0.142857143,0,0.142857143,0
macs1149_f625w_1212,0.2,0.8,0,0,0
clj1226_f336w_2362,0.428571429,0.142857143,0.142857143,0.285714286,0
macs0717_f435w_930,1,0,0,0,0
rxj1347_f475w_743,0.833333333,0.166666667,0,0,0
a2261_f606w_89,1,0,0,0,0
rxj2129_f275w_469,0.666666667,0.166666667,0,0.166666667,0
rxj2129_f125w_1172,0,0.571428571,0.428571429,0,0
macs1720_f140w_1313,0.875,0,0.125,0,0
macs0717_f275w_1059,0.166666667,0.166666667,0.333333333,0,0.333333333
a209_f625w_909,0,0.714285714,0.142857143,0,0.142857143
macs0647_f390w_937,0,0.5,0.5,0,0
macs1931_f140w_2036,0.714285714,0.285714286,0,0,0
macs1115_f110w_1224,1,0,0,0,0
macs1931_f850lp_2036,0.363636364,0.636363636,0,0,0
macs1311_f225w_682,0,0,0,0,1
rxj1532_f225w_1314,0.428571429,0.142857143,0.428571429,0,0
macs1720_f775w_414,0,0.166666667,0,0.833333333,0
macs1931_f625w_2036,0.833333333,0.166666667,0,0,0
macs0416_f606w_1244,1,0,0,0,0
macs1206_f814w_185,0,0.5,0.5,0,0
macs1206_f125w_2027,1,0,0,0,0
macs0717_f160w_1234,0.714285714,0.142857143,0.142857143,0,0
macs1931_f435w_1243,0.2,0,0.8,0,0
rxj1347_f105w_743,1,0,0,0,0
rxj2248_f775w_225,0.125,0.375,0.5,0,0
macs2129_f160w_1931,0.25,0.125,0.625,0,0
macs0329_f625w_432,1,0,0,0,0
macs1931_f105w_1510,0.375,0.25,0,0.375,0
rxj1347_f105w_586,0.857142857,0.142857143,0,0,0
macs1115_f110w_295,0.571428571,0.142857143,0,0.285714286,0
macs0416_f105w_664,0.571428571,0.428571429,0,0,0
macs1115_f125w_1385,0,0.714285714,0.285714286,0,0
macs0329_f850lp_1054,0.142857143,0.142857143,0.714285714,0,0
macs1115_f275w_1151,0.285714286,0,0.571428571,0.142857143,0
macs1149_f336w_1836,0,0,0.142857143,0,0.857142857
a209_f225w_774,0,0,0,0.166666667,0.833333333
macs0717_f625w_1120,0.75,0,0.125,0.125,0
a1423_f625w_1031,0,0,0,0,1
macs0416_f475w_1572,0,0,0.142857143,0,0.857142857
rxj1347_f110w_83,0,0.857142857,0.142857143,0,0
macs1149_f606w_1213,0.571428571,0.428571429,0,0,0
macs1149_f606w_1212,0.166666667,0.833333333,0,0,0
macs0416_f125w_524,0.142857143,0.714285714,0.142857143,0,0
macs1115_f140w_435,0,0,1,0,0
a1423_f125w_1534,0.5,0.5,0,0,0
macs0416_f625w_2184,0.333333333,0.666666667,0,0,0
a611_f850lp_1118,1,0,0,0,0
rxj2129_f125w_280,0.333333333,0.166666667,0.5,0,0
macs1720_f625w_717,0,1,0,0,0
macs0329_f625w_89,0.75,0.25,0,0,0
macs1311_f850lp_791,0.166666667,0.833333333,0,0,0
macs2129_f105w_2104,0.714285714,0.285714286,0,0,0
macs0329_f105w_621,0.833333333,0.166666667,0,0,0
macs1115_f606w_1435,0.625,0.375,0,0,0
macs0717_f140w_1066,0.166666667,0.833333333,0,0,0
rxj2248_f110w_950,0.857142857,0,0,0.142857143,0
a2261_f814w_833,0.857142857,0,0,0.142857143,0
a209_f390w_113,0.714285714,0.142857143,0.142857143,0,0
macs1149_f435w_1212,0.142857143,0.142857143,0.714285714,0,0
macs1115_f606w_1743,0,0.875,0.125,0,0
rxj2129_f160w_1762,0.5,0,0,0.5,0
macs0717_f435w_320,0.833333333,0,0.166666667,0,0
macs1311_f140w_1955,0.142857143,0.857142857,0,0,0
macs0329_f606w_581,1,0,0,0,0
rxj2248_f606w_1177,0.875,0.125,0,0,0
macs1311_f336w_791,0.166666667,0.333333333,0.5,0,0
a209_f625w_796,0.166666667,0.5,0.333333333,0,0
macs1206_f814w_955,0.666666667,0.333333333,0,0,0
macs0744_f160w_730,0.571428571,0.428571429,0,0,0
macs0717_f225w_1865,0,0,0,0,1
macs1720_f775w_1313,0.666666667,0,0.111111111,0.222222222,0
a611_f110w_1510,0.428571429,0.571428571,0,0,0
macs0429_f140w_1735,0.666666667,0.166666667,0.166666667,0,0
macs1423_f225w_1608,0,0,0.142857143,0,0.857142857
macs2129_f225w_1899,0,0,0,0,1
a2261_f225w_455,0,0,0,0,1
macs0429_f225w_1090,0,0,0,0,1
macs1206_f475w_273,0,0.25,0.75,0,0
clj1226_f225w_1341,0,0,0,0,1
macs1206_f140w_1572,0.833333333,0,0.166666667,0,0
macs1720_f475w_365,0.25,0.25,0.5,0,0
macs0429_f336w_1751,0,0,0,0,1
macs2129_f625w_2104,0.571428571,0.285714286,0.142857143,0,0
macs0744_f275w_986,0.714285714,0.142857143,0.142857143,0,0
a209_f390w_2105,0.857142857,0,0.142857143,0,0
a2261_f435w_89,0.875,0,0,0.125,0
a209_f275w_1586,0,0,0,0,1
macs0329_f390w_2002,0,0.2,0.8,0,0
macs2129_f140w_521,0.142857143,0,0,0.857142857,0
macs1423_f775w_1494,1,0,0,0,0
macs1423_f390w_1096,0,0.166666667,0.666666667,0,0.166666667
rxj2129_f625w_1172,0,0,1,0,0
a611_f125w_1531,0.2,0.2,0,0.6,0
macs1931_f110w_1842,0.333333333,0.166666667,0.5,0,0
rxj1532_f606w_1708,0.428571429,0.571428571,0,0,0
ms2137_f435w_883,0.571428571,0.428571429,0,0,0
a209_f775w_796,0.5,0.5,0,0,0
macs0744_f435w_1775,0.857142857,0.142857143,0,0,0
a1423_f336w_1152,0.5,0.333333333,0.166666667,0,0
macs1149_f814w_1757,0.5,0.166666667,0.333333333,0,0
a1423_f775w_1534,0.571428571,0.428571429,0,0,0
macs0744_f125w_2398,0.571428571,0.285714286,0.142857143,0,0
ms2137_f225w_1862,0,0,0,0,1
macs1115_f110w_1435,0.833333333,0.166666667,0,0,0
macs1931_f850lp_897,0.666666667,0,0.111111111,0.222222222,0
a611_f125w_1199,0.777777778,0.222222222,0,0,0
macs1206_f390w_1495,1,0,0,0,0
rxj1532_f140w_628,0.125,0.875,0,0,0
rxj1347_f105w_2057,0.333333333,0.333333333,0.333333333,0,0
rxj2129_f390w_1133,1,0,0,0,0
macs1311_f606w_1955,0.166666667,0.833333333,0,0,0
a2261_f850lp_1174,1,0,0,0,0
rxj2129_f140w_476,0,0.333333333,0.5,0,0.166666667
rxj2248_f435w_261,0.5,0.285714286,0.214285714,0,0
macs0744_f225w_986,0.285714286,0.285714286,0.428571429,0,0
rxj2129_f850lp_280,0,0.142857143,0.857142857,0,0
macs1311_f225w_697,0,0,0,0,1
rxj2129_f110w_1046,0.714285714,0.285714286,0,0,0
rxj2129_f105w_1046,0.833333333,0.166666667,0,0,0
rxj2129_f850lp_1133,1,0,0,0,0
a1423_f336w_1866,0.375,0.125,0.375,0,0.125
rxj2248_f275w_951,0,0,0,0,1
macs1720_f110w_910,0,0.285714286,0.714285714,0,0
macs1206_f625w_2027,0.714285714,0,0.285714286,0,0
macs0647_f225w_841,0,0,0,0,1
macs0744_f225w_1431,0.166666667,0.166666667,0.5,0,0.166666667
rxj1347_f140w_743,0.833333333,0.166666667,0,0,0
macs1311_f140w_155,1,0,0,0,0
macs1206_f105w_1495,0.428571429,0,0.142857143,0.428571429,0
macs1149_f160w_1386,0.875,0.125,0,0,0
a383_f160w_675,0.142857143,0,0,0.857142857,0
macs0416_f110w_1572,0.125,0.75,0,0,0.125
macs1206_f475w_1495,0.833333333,0,0,0.166666667,0
macs1720_f435w_831,0.857142857,0,0,0.142857143,0
a611_f435w_1217,0.857142857,0,0.142857143,0,0
macs0329_f160w_232,1,0,0,0,0
macs2129_f435w_1833,1,0,0,0,0
a2261_f225w_1137,0.1,0.1,0.3,0,0.5
rxj2248_f225w_951,0,0,0,0,1
rxj2129_f275w_928,0.571428571,0.142857143,0.285714286,0,0
macs0329_f814w_411,0,0,0.333333333,0,0.666666667
macs1423_f336w_234,0,0,0,0,1
a1423_f625w_1534,0.428571429,0.571428571,0,0,0
macs1931_f850lp_1408,0.125,0.875,0,0,0
macs1423_f475w_1494,0.888888889,0.111111111,0,0,0
macs0329_f336w_1106,0,0,0,0,1
macs1423_f336w_1268,0,0,0,0,1
a383_f435w_675,0.857142857,0,0,0.142857143,0
macs1720_f625w_1313,0.833333333,0,0,0.166666667,0
macs0717_f606w_1013,1,0,0,0,0
macs2129_f390w_2104,0,0,0.166666667,0,0.833333333
a209_f606w_796,0.666666667,0.333333333,0,0,0
clj1226_f775w_1197,0.833333333,0,0,0.166666667,0
macs0717_f850lp_2231,0.75,0.125,0.125,0,0
a383_f435w_1727,0.666666667,0.111111111,0.111111111,0,0.111111111
clj1226_f435w_1542,0,0,1,0,0
rxj2248_f475w_1611,0.666666667,0,0.166666667,0.166666667,0
a1423_f814w_287,0.571428571,0.428571429,0,0,0
a1423_f625w_1757,0.375,0.5,0.125,0,0
a383_f814w_1417,1,0,0,0,0
macs1931_f275w_2053,0.714285714,0,0,0.285714286,0
macs0744_f850lp_1775,1,0,0,0,0
macs1206_f775w_185,0,0.571428571,0.428571429,0,0
macs1115_f390w_1435,0.5,0.125,0.375,0,0
macs0717_f275w_972,0.461538462,0,0.384615385,0,0.153846154
macs1115_f140w_1262,0.625,0.125,0.25,0,0
macs1149_f160w_2125,1,0,0,0,0
a383_f275w_1967,0.5,0,0.166666667,0.166666667,0.166666667
a2261_f336w_1596,0,0,0,0,1
a611_f775w_765,0.666666667,0.166666667,0.166666667,0,0
macs1311_f105w_1955,0.142857143,0.857142857,0,0,0
macs1931_f775w_1408,0.333333333,0.666666667,0,0,0
macs1206_f435w_1470,1,0,0,0,0
macs2129_f275w_656,0,0,0,0,1
a611_f475w_860,1,0,0,0,0
rxj1532_f105w_1509,0.6,0.4,0,0,0
a209_f275w_1136,0,0,1,0,0
macs0329_f850lp_232,1,0,0,0,0
macs1311_f105w_1168,0.166666667,0.833333333,0,0,0
a611_f814w_802,0.571428571,0.285714286,0.142857143,0,0
macs1423_f225w_1942,0,0,0,0,1
a611_f390w_1118,0.428571429,0.142857143,0.428571429,0,0
macs1931_f390w_1173,0.833333333,0.166666667,0,0,0
macs0647_f275w_477,0.333333333,0.333333333,0.166666667,0,0.166666667
macs1206_f225w_626,0,0,0.181818182,0,0.818181818
macs0329_f814w_232,1,0,0,0,0
macs0717_f110w_1511,0.571428571,0.428571429,0,0,0
macs1720_f814w_1048,0.714285714,0,0.142857143,0.142857143,0
macs1931_f110w_632,0.142857143,0,0.142857143,0.714285714,0
macs1115_f475w_435,0.5,0.166666667,0.333333333,0,0
macs1206_f140w_1419,0.833333333,0,0,0.166666667,0
macs1206_f110w_1322,1,0,0,0,0
macs1311_f606w_696,1,0,0,0,0
macs0744_f105w_1775,0.166666667,0.166666667,0,0.666666667,0
macs0416_f160w_853,0.857142857,0.142857143,0,0,0
macs1720_f390w_1691,0.8,0.2,0,0,0
a383_f140w_1156,0.714285714,0.285714286,0,0,0
clj1226_f225w_638,0.25,0.125,0.5,0,0.125
macs1311_f125w_1168,0,1,0,0,0
macs2129_f336w_580,0,0,0.285714286,0,0.714285714
macs0416_f140w_853,0.714285714,0.285714286,0,0,0
macs0647_f814w_1111,0,1,0,0,0
clj1226_f160w_1542,0.666666667,0.333333333,0,0,0
macs1720_f814w_1313,1,0,0,0,0
macs1149_f775w_1468,0,0,1,0,0
macs1931_f110w_1102,0.8,0,0,0.2,0
macs1720_f105w_2122,0,0,0,1,0
macs1423_f850lp_2100,0.666666667,0.166666667,0.166666667,0,0
rxj1347_f225w_1681,0.777777778,0.111111111,0.111111111,0,0
a209_f850lp_796,0.428571429,0.428571429,0.142857143,0,0
macs1206_f160w_1495,0,0,0,1,0
rxj2248_f435w_586,0,0.428571429,0.571428571,0,0
a209_f110w_796,0.5,0.25,0.25,0,0
a209_f435w_1449,0.571428571,0.142857143,0,0.285714286,0
a1423_f850lp_2058,0,0.625,0.25,0,0.125
ms2137_f110w_225,0.75,0.25,0,0,0
macs1720_f625w_414,0,0.125,0,0.875,0
rxj2248_f336w_1435,0,0,0,0,1
macs2129_f390w_656,0.142857143,0,0.714285714,0,0.142857143
macs0647_f475w_311,0.428571429,0.142857143,0.428571429,0,0
macs0416_f606w_2152,0.714285714,0.285714286,0,0,0
a2261_f390w_1315,0.857142857,0.142857143,0,0,0
a209_f475w_2520,0.125,0.875,0,0,0
macs0647_f775w_311,0.285714286,0.571428571,0.142857143,0,0
macs0744_f390w_1020,0.111111111,0,0,0.888888889,0
macs1931_f336w_260,0.857142857,0,0,0.142857143,0
a611_f105w_1105,0.285714286,0,0.714285714,0,0
macs0744_f110w_1775,0,0,0,1,0
macs1206_f435w_185,0,0.5,0.5,0,0
macs1311_f606w_1168,0,1,0,0,0
macs1720_f606w_518,0,0,1,0,0
a1423_f606w_287,0,0.833333333,0.166666667,0,0
macs0416_f814w_409,0.111111111,0.888888889,0,0,0
macs0717_f160w_2059,0,0.714285714,0.285714286,0,0
macs1931_f606w_1699,1,0,0,0,0
macs1423_f140w_1066,0.666666667,0,0,0.333333333,0
macs0647_f775w_1090,1,0,0,0,0
macs0416_f125w_438,0.75,0.25,0,0,0
macs0416_f606w_1572,0,0.714285714,0.142857143,0,0.142857143
macs0744_f160w_915,0.714285714,0.285714286,0,0,0
macs0647_f225w_477,0.142857143,0,0.142857143,0.142857143,0.571428571
ms2137_f275w_1411,0.111111111,0.111111111,0.666666667,0,0.111111111
macs1115_f625w_1435,0.375,0.625,0,0,0
macs0744_f160w_1074,0.875,0.125,0,0,0
a611_f275w_169,0,0,1,0,0
macs1311_f435w_233,0.125,0.5,0.25,0,0.125
macs1931_f814w_1243,0.142857143,0.857142857,0,0,0
a209_f105w_1139,0,1,0,0,0
macs0717_f625w_1329,0.5,0.5,0,0,0
macs0717_f125w_648,1,0,0,0,0
macs1720_f140w_414,0,0,0,1,0
a383_f225w_1108,0,0,1,0,0
macs0744_f390w_1775,0.8,0,0,0.2,0
macs0416_f125w_1572,0,1,0,0,0
macs1149_f435w_922,0.285714286,0,0.142857143,0,0.571428571
macs1720_f606w_192,0.5,0.5,0,0,0
clj1226_f140w_1939,0.833333333,0.166666667,0,0,0
macs0717_f625w_722,0.714285714,0,0,0.285714286,0
macs1115_f125w_435,0,0,1,0,0
a383_f814w_1465,0,0.75,0.25,0,0
macs2129_f160w_287,1,0,0,0,0
macs1115_f125w_320,0.6,0.4,0,0,0
macs1115_f105w_295,0.8,0,0,0.2,0
macs1311_f110w_1168,0.4,0.6,0,0,0
a383_f160w_1273,0,0,0.333333333,0,0.666666667
a2261_f814w_148,1,0,0,0,0
macs0647_f225w_2210,0,0,0,0,1
rxj1347_f110w_743,0.875,0.125,0,0,0
macs0647_f105w_1111,0,1,0,0,0
macs1720_f625w_518,0.166666667,0,0.666666667,0.166666667,0
macs0717_f140w_930,0,0,0,1,0
a383_f814w_1260,0.8,0.2,0,0,0
macs1149_f275w_579,0,0.25,0.25,0,0.5
macs1149_f225w_1168,0,0,0,0,1
macs1311_f336w_534,0,0,0.25,0,0.75
macs1115_f160w_1435,0.857142857,0.142857143,0,0,0
rxj1347_f475w_1407,0.833333333,0.166666667,0,0,0
macs1206_f225w_433,0,0.625,0.25,0,0.125
macs1206_f125w_185,0,0.857142857,0.142857143,0,0
a209_f275w_1129,0,0.111111111,0.888888889,0,0
macs0717_f625w_2008,0.6,0.4,0,0,0
a209_f275w_1126,0,0,0.857142857,0,0.142857143
a2261_f160w_89,0.857142857,0.142857143,0,0,0
macs1423_f275w_438,0.444444444,0,0.333333333,0.222222222,0
macs1149_f275w_395,0,0,0.571428571,0,0.428571429
rxj2248_f475w_903,0.666666667,0.166666667,0.166666667,0,0
a2261_f606w_745,1,0,0,0,0
macs1720_f814w_1033,0.666666667,0,0,0.333333333,0
macs1115_f105w_435,0,0,1,0,0
rxj2129_f125w_1762,0.5,0,0,0.5,0
macs1149_f140w_1212,0.4,0.6,0,0,0
macs1149_f140w_1213,0.571428571,0.428571429,0,0,0
macs1115_f140w_1060,0.714285714,0.285714286,0,0,0
macs0647_f390w_1340,0,0,0,1,0
macs1206_f625w_1322,0.875,0,0,0.125,0
rxj2129_f390w_534,0.090909091,0.545454545,0.363636364,0,0
a383_f160w_1890,0,1,0,0,0
macs0329_f606w_89,0.714285714,0.285714286,0,0,0
macs1931_f390w_1348,0,0,0.857142857,0,0.142857143
a611_f275w_1600,0,0.125,0.125,0,0.75
macs2129_f850lp_1414,0,0.833333333,0,0,0.166666667
clj1226_f336w_1656,0,0,0,0,1
macs1149_f110w_1292,0.666666667,0.333333333,0,0,0
macs0329_f475w_232,0.857142857,0.142857143,0,0,0
a209_f125w_985,0,0,0.714285714,0,0.285714286
macs0717_f160w_930,0,0,0,1,0
macs1115_f475w_643,0,0,0.125,0,0.875
rxj2248_f775w_1613,0,0.857142857,0.142857143,0,0
a2261_f435w_421,0.25,0.25,0.5,0,0
a2261_f140w_1779,0,0,1,0,0
macs0429_f475w_2091,1,0,0,0,0
macs1311_f110w_1955,0.166666667,0.833333333,0,0,0
macs0329_f775w_286,0.857142857,0.142857143,0,0,0
macs0329_f125w_1333,0.375,0.625,0,0,0
rxj1532_f336w_1373,0.125,0.125,0.375,0,0.375
macs1149_f606w_1950,0,0,1,0,0
rxj1347_f390w_727,0,0,0.142857143,0,0.857142857
macs0416_f105w_1572,0,0.833333333,0,0,0.166666667
macs1423_f850lp_2115,0.666666667,0.166666667,0,0,0.166666667
rxj1347_f160w_556,1,0,0,0,0
a1423_f814w_1534,0.571428571,0.428571429,0,0,0
macs1115_f390w_295,1,0,0,0,0
rxj1347_f625w_825,0,0,0.875,0,0.125
macs0416_f160w_624,1,0,0,0,0
macs1311_f336w_1168,0,0,0,0,1
macs0744_f225w_2060,0,0,0,0,1
macs0329_f775w_1826,0.625,0.25,0.125,0,0
macs0416_f814w_1908,0.777777778,0.222222222,0,0,0
macs2129_f275w_655,0.375,0,0.5,0.125,0
macs1931_f110w_405,0.833333333,0,0,0.166666667,0
macs0717_f140w_444,0,0,0,1,0
a1423_f275w_2461,0,0,0.25,0,0.75
a1423_f125w_287,1,0,0,0,0
macs2129_f606w_1297,1,0,0,0,0
macs0647_f125w_937,0.166666667,0.833333333,0,0,0
rxj1347_f814w_1463,0,0.5,0.166666667,0,0.333333333
macs0647_f110w_1111,0.25,0.75,0,0,0
macs1206_f850lp_145,0,0.166666667,0.666666667,0,0.166666667
a1423_f336w_1203,0,0,0,0,1
macs1423_f125w_1376,0.5,0.375,0.125,0,0
rxj1347_f850lp_1223,0,0,0.857142857,0,0.142857143
macs0429_f606w_1629,0.5,0.5,0,0,0
macs1149_f275w_1168,0,0,0,0,1
macs1311_f814w_1168,0.142857143,0.857142857,0,0,0
a611_f105w_1118,1,0,0,0,0
a1423_f275w_1866,0,0,0,0,1
a2261_f336w_162,0,0,0,0,1
a1423_f160w_1534,0.625,0.375,0,0,0
macs1931_f850lp_1581,0.8,0.2,0,0,0
macs1115_f336w_1463,0,0,0.428571429,0,0.571428571
macs1720_f110w_1862,0.166666667,0.833333333,0,0,0
a383_f110w_514,0.166666667,0.5,0,0,0.333333333
macs0647_f160w_937,0,1,0,0,0
macs1206_f606w_1322,1,0,0,0,0
macs0329_f606w_958,0,0,1,0,0
rxj1532_f125w_912,0,0,0,1,0
macs0647_f775w_807,0.5,0.5,0,0,0
rxj2129_f140w_1046,0.5,0.5,0,0,0
macs1149_f336w_2127,0.111111111,0,0.888888889,0,0
macs1423_f110w_1824,0.166666667,0,0.833333333,0,0
a383_f225w_1465,0,0,0.5,0,0.5
macs0717_f625w_599,1,0,0,0,0
macs0329_f275w_1772,0.333333333,0.166666667,0.333333333,0,0.166666667
a1423_f336w_1534,0.142857143,0.285714286,0.571428571,0,0
macs1149_f160w_1293,1,0,0,0,0
macs1115_f814w_1699,1,0,0,0,0
clj1226_f140w_1542,0.142857143,0.428571429,0.428571429,0,0
macs0647_f105w_524,1,0,0,0,0
macs1720_f475w_1989,0.166666667,0.166666667,0.666666667,0,0
rxj2248_f160w_184,0.75,0.25,0,0,0
macs0744_f160w_2407,0,0.75,0.25,0,0
rxj1532_f475w_1277,1,0,0,0,0
macs0329_f110w_334,0,0.333333333,0.666666667,0,0
macs1149_f225w_916,0,0,0,0,1
rxj2129_f110w_280,0.142857143,0.428571429,0.428571429,0,0
ms2137_f435w_225,0.625,0.125,0.25,0,0
macs2129_f160w_2104,0.875,0.125,0,0,0
macs0647_f625w_937,0,1,0,0,0
rxj2129_f160w_1172,0.0625,0.75,0.1875,0,0
macs1931_f606w_1243,0.125,0.875,0,0,0
a383_f275w_949,0,0,0.428571429,0,0.571428571
a209_f160w_1616,1,0,0,0,0
macs1931_f606w_1408,0.166666667,0.833333333,0,0,0
macs0416_f225w_928,0.166666667,0,0.666666667,0,0.166666667
macs0744_f435w_2398,0.125,0.125,0.75,0,0